,Brand,Product Name,Screen Size (Inches),Display type,Resolution (Pixels),Processor,Clock Speed (GHz),Core Count,Graphics,RAM (GB),RAM type,Storage,Wi-Fi,OS,Weight (kg),Warranty,Warranty,Price (AUD),Link
0,Asus,"Vivobook S 15 15.6"" 3K OLED Laptop (Copilot+ PC)[1TB]",15.6,,2880 x 1620,Qualcomm Snapdragon,,12 Core,Qualcomm® Adreno™ GPU,32,DDR5 SDRAM,1TB,Wi-Fi 7 (802.11 be),Windows 11 Home,1.42,1 Year,,2024,https://www.jbhifi.com.au/products/asus-vivobook-s-15-15-6-3k-oled-laptop-copilot-pc1tb
1,HP,"OmniBook X Flip 14"" 3K UWVA 2-in-1 OLED Laptop (Intel Core Ultra 5)[512GB]",14.0,UWVA,2880 x 1800,Intel Core Ultra 5,2.1,8 Core,,16,LPDDR5x,512GB,Wi-Fi 7 (802.11 be),Windows 11 Home,1.38,1 Year,,1599,https://www.jbhifi.com.au/products/hp-omnibook-x-flip-14-3k-uwva-2-in-1-oled-laptop-intel-core-ultra-5512gb
2,Apple,"MacBook Air 13-inch with M4 Chip, 256GB/16GB (Midnight)",13.0,Liquid Retina LED-backlit display with IPS technology,2560 x 1664,Apple M4,,10 Core,,16,,256GB,Wi-Fi 6E (802.11 ax),MacOS Sequoia,,1 Year,,1399,https://www.jbhifi.com.au/products/apple-macbook-air-13-inch-with-m4-chip-256gb-16gb-midnight
3,Apple,"MacBook Pro 14-inch with M5 Chip, 512GB/16GB (Space Black)",14.2,,3024 x 1964,Apple M5,,10 Core,10 Core GPU,16,,512GB,Wi-Fi 6E (802.11 ax),MacOS Sonoma,,1 Year,,2499,https://www.jbhifi.com.au/products/apple-macbook-pro-14-inch-with-m5-chip-512gb-16gb-space-black
4,Apple,"MacBook Air 13-inch with M4 Chip, 256GB/16GB (Starlight)",13.0,Liquid Retina LED-backlit display with IPS technology,2560 x 1664,Apple M4,,10 Core,,16,,256GB,Wi-Fi 6E (802.11 ax),MacOS Sequoia,,1 Year,,1399,https://www.jbhifi.com.au/products/apple-macbook-air-13-inch-with-m4-chip-256gb-16gb-starlight
5,Apple,"MacBook Air 13-inch with M4 Chip, 256GB/16GB (Sky Blue)",13.0,Liquid Retina LED-backlit display with IPS technology,2560 x 1664,Apple M4,,10 Core,,16,,256GB,Wi-Fi 6E (802.11 ax),MacOS Sequoia,,1 Year,,1399,https://www.jbhifi.com.au/products/apple-macbook-air-13-inch-with-m4-chip-256gb-16gb-sky-blue
6,Apple,"MacBook Air 13-inch with M2 Chip, 256GB/16GB (Midnight)",13.6,,2880 x 1864,Apple M2,,8 Core,8 core GPU,16,,256GB,Wi-Fi 6E (802.11 ax),MacOS Sequoia,,1 Year,,1249,https://www.jbhifi.com.au/products/apple-macbook-air-13-inch-with-m2-chip-256gb-16gb-midnight
7,HP,"Laptop 15-fd0739TU 15.6"" FHD laptop (Intel Core i5)[512GB/16GB]",15.6,SVA,1920 x 1080,Intel Core i5,1.3,10 Core,Intel Iris Xe,16,DDR4 SDRAM,512GB,Wi-Fi 6 (802.11 ax),Windows 11 Home S,,,1 Year,799,https://www.jbhifi.com.au/products/hp-laptop-15-fd0739tu-15-6-fhd-laptop-intel-core-i5512gb-16gb
8,Apple,"MacBook Air 13-inch with M4 Chip, 512GB/16GB (Midnight)",13.0,Liquid Retina LED-backlit display with IPS technology,2560 x 1664,Apple M4,,10 Core,,16,,512GB,Wi-Fi 6E (802.11 ax),MacOS Sequoia,,1 Year,,1699,https://www.jbhifi.com.au/products/apple-macbook-air-13-inch-with-m4-chip-512gb-16gb-midnight
9,Apple,"MacBook Air 13-inch with M4 Chip, 256GB/16GB (Silver)",13.0,Liquid Retina LED-backlit display with IPS technology,2560 x 1664,Apple M4,,10 Core,,16,,256GB,Wi-Fi 6E (802.11 ax),MacOS Sequoia,,1 Year,,1399,https://www.jbhifi.com.au/products/apple-macbook-air-13-inch-with-m4-chip-256gb-16gb-silver
10,HP,"Laptop 15-fc0433AU 15.6"" FHD Laptop (Ryzen 5)[512GB]",15.6,SVA,1920 x 1080,AMD Ryzen 5,2.3,6 Core,AMD Radeon Graphics,8,DDR4,512GB,Wi-Fi 6 (802.11 ax),Windows 11 Home,1.59,1 Year,,649,https://www.jbhifi.com.au/products/hp-laptop-15-fc0433au-15-6-fhd-laptop-ryzen-5512gb
11,HP,"Laptop 15-fd0738TU 15.6"" FHD Laptop (Intel Core i7)[512GB]",15.6,SVA,1920 x 1080,Intel Core i7,1.7,10 Core,Intel® Iris® Xᵉ Graphics,16,DDR4,512GB,Wi-Fi 6 (802.11 ax),Windows 11 Home S,1.59,1 Year,,899,https://www.jbhifi.com.au/products/hp-laptop-15-fd0738tu-15-6-fhd-laptop-intel-core-i7512gb
12,Dell,"15 DC15255 15.6"" FHD 120Hz Laptop (Ryzen 5)[512GB]",15.6,WVA,1920 x 1080,AMD Ryzen 5,,Quad Core,AMD Radeon 610M,8,LPDDR5,512GB,Wi-Fi 5 (802.11 ac),Windows 11 Home,1.9,1 Year,,999,https://www.jbhifi.com.au/products/dell-15-dc15255-15-6-fhd-120hz-laptop-ryzen-5512gb
13,ASUS,"V16 16"" Full HD 144Hz Gaming Laptop (Intel Core 5)[GeForce RTX 4050]",16.0,,1920 x 1080,Intel Core 5,2.2,8 Core,,32,,512GB,Wi-Fi 6 (802.11 ax),Windows 11 Home,1.77,1 Year,,1399,https://www.jbhifi.com.au/products/asus-v16-16-full-hd-144hz-gaming-laptop-intel-core-5geforce-rtx-4050
14,Apple,"MacBook Air 13-inch with M4 Chip, 512GB/16GB (Sky Blue)",13.0,Liquid Retina LED-backlit display with IPS technology,2560 x 1664,Apple M4,,10 Core,,16,,512GB,Wi-Fi 6E (802.11 ax),MacOS Sequoia,,1 Year,,1699,https://www.jbhifi.com.au/products/apple-macbook-air-13-inch-with-m4-chip-512gb-16gb-sky-blue
15,ASUS,"Zenbook 14 14"" 3K OLED Laptop (Intel Core Ultra 7)[1TB]",14.0,OLED,2880 x 1800,Intel Core Ultra 7,5.1,16 Core,Intel® Arc™ Graphics,16,,1TB,Wi-Fi 7 (802.11 be),Windows 11 Home,1.28,1 Year,,2599,https://www.jbhifi.com.au/products/asus-zenbook-14-14-3k-oled-laptop-intel-core-ultra-71tb
16,Apple,"MacBook Pro 14-inch with M4 Chip, 512GB/16GB (Space Black)[2024]",14.0,,3124 x 1964,Apple M4,,10 Core,10 core GPU,16,,512GB,Wi-Fi 6E (802.11 ax),MacOS Sequioa,,1 Year,,2298,https://www.jbhifi.com.au/products/apple-macbook-pro-14-inch-with-m4-chip-512gb-16gb-space-black2024
17,Lenovo,"LOQ 15.6"" FHD 144Hz Gaming Laptop (Intel Core i7)[GeForce RTX 4050]",15.6,IPS,1920 x 1080,Intel Core i7,,14 Core,,24,DDR5 SDRAM,512GB,Wi-Fi 6 (802.11 ax),Windows 11 Home,2.38,1 Year,,1999,https://www.jbhifi.com.au/products/lenovo-loq-15-6-fhd-144hz-gaming-laptop-intel-core-i7geforce-rtx-4050-3
18,Apple,"MacBook Pro 14-inch with M5 Chip, 1TB/24GB (Space Black)",14.2,,3024 x 1964,Apple M5,,10 Core,10 Core GPU,24,,1TB,Wi-Fi 6E (802.11 ax),MacOS Sonoma,,1 Year,,3099,https://www.jbhifi.com.au/products/apple-macbook-pro-14-inch-with-m5-chip-1tb-24gb-space-black
19,HP,"Laptop 15-fc0474AU 15.6"" FHD laptop (Ryzen 7)[512GB]",15.6,SVA,1920 x 1080,AMD Ryzen 7,2.0,8 Core,AMD Radeon Graphics,16,DDR4,512GB,Wi-Fi 6 (802.11 ax),Windows 11 Home,1.59,1 Year,,799,https://www.jbhifi.com.au/products/hp-laptop-15-fc0474au-15-6-fhd-laptop-ryzen-7512gb
20,Lenovo,"IdeaPad 3 15.6"" FHD Touchscreen Chromebook Laptop (Intel N4500)[128GB]",15.6,IPS,1920 x 1080,Intel Core Celeron,,Dual Core,integrated Intel UHD,8,,128GB,Wi-Fi 6 (802.11 ax),Google Chrome,1.63,1 Year,,449,https://www.jbhifi.com.au/products/lenovo-ideapad-3-15-6-fhd-touchscreen-chromebook-laptop-intel-n4500128gb
21,Asus,"VivoBook 15.6"" Full HD Thin & Light Laptop (1TB)[Intel Core i7]",15.6,IPS,1920 x 1200,Intel Core i7,1.7,10 Core,,16,,,Wi-Fi 6E (802.11 ax),Windows 11 Home,,1 Year,,899,https://www.jbhifi.com.au/products/asus-vivobook-15-6-full-hd-thin-light-laptop-1tbintel-core-i7
22,Microsoft,"Surface Pro Copilot+ PC 12"" Snapdragon X Plus 8 core/16GB/256GB (Platinum)",12.0,PixelSense LCD display,2196 x 1464 (220 PPI),Qualcomm Snapdragon,,8 Core,integrated,16,"LPDDR5x, LPDDR5x",256GB,Wi-Fi 7 (802.11 be),Windows 11 Home,1.143,2 Years,,999,https://www.jbhifi.com.au/products/microsoft-surface-pro-copilot-pc-12-snapdragon-x-plus-8-core-16gb-256gb-platinum
23,Microsoft,"Surface Laptop CoPilot+ PC 13"" Snapdragon X Plus 8 core/16GB/256GB (Platinum)",13.0,PixelSense™ Flow Display,1920 x 1280,Qualcomm Snapdragon,,8 Core,integrated,16,LPDDR5x,256GB,Wi-Fi 7 (802.11 be),Windows 11 Home,1.879,2 Years,,1199,https://www.jbhifi.com.au/products/microsoft-surface-laptop-copilot-pc-13-snapdragon-x-plus-8-core-16gb-256gb-platinum
24,HP,"OmniBook 5 NG AI 16"" 2K Laptop (Ryzen AI 5)[512GB]",16.0,IPS,1920 x 1200,AMD Ryzen AI 5,2.0,6 Core,AMD Radeon™ 840M Graphics,16,LPDDR5x,512GB,Wi-Fi 6 (802.11 ax),Windows 11 Home,1.79,1 Year,,1899,https://www.jbhifi.com.au/products/hp-omnibook-5-ng-ai-16-2k-laptop-ryzen-ai-5512gb
25,HP,"OmniBook 5 Flip 14"" 2K 2-in-1 Laptop (Intel Core i5)[Blue/256GB]",14.0,IPS,1920 x 1200,Intel Core i5,3.4,10 Core,Intel® Iris® Xᵉ Graphics,16,LPDDR5x,256GB,Wi-Fi 6 (802.11 ax),Windows 11 Home,1.65,1 Year,,929,https://www.jbhifi.com.au/products/hp-omnibook-5-flip-14-2k-2-in-1-laptop-intel-core-i5blue-256gb
26,Apple,"MacBook Air 13-inch with M4 Chip, 512GB/16GB (Starlight)",13.0,Liquid Retina LED-backlit display with IPS technology,2560 x 1664,Apple M4,,10 Core,,16,,512GB,Wi-Fi 6E (802.11 ax),MacOS Sequoia,,1 Year,,1699,https://www.jbhifi.com.au/products/apple-macbook-air-13-inch-with-m4-chip-512gb-16gb-starlight
27,Lenovo,"IdeaPad Slim 3i 14"" WUXGA Laptop (Intel Core i7)[512GB]",14.0,IPS,1920 x 1200,Intel Core i7,2.4,10 Core,Integrated Intel® UHD Graphics,16,,512GB,Wi-Fi 6 (802.11 ax),Windows 11 Home,1.39,1 Year,,899,https://www.jbhifi.com.au/products/lenovo-ideapad-slim-3i-14-wuxga-laptop-intel-core-i7512gb
28,ASUS,"CX14 14"" Chromebook Laptop (Intel N4500)[128GB/4GB]",14.0,,1920 x 1080,Intel Core Celeron,1.1,Dual Core,,4,,128GB,Wi-Fi 6 (802.11 ax),Google Chrome,1.4,1 Year,,229,https://www.jbhifi.com.au/products/asus-cx14-14-chromebook-laptop-intel-n4500128gb-4gb
29,Apple,"MacBook Air 13-inch with M2 Chip, 256GB/16GB (Starlight)",13.6,,2880 x 1864,Apple M2,,8 Core,8 core GPU,16,,256GB,Wi-Fi 6E (802.11 ax),MacOS Sequoia,,1 Year,,1249,https://www.jbhifi.com.au/products/apple-macbook-air-13-inch-with-m2-chip-256gb-16gb-starlight
30,Apple,"MacBook Pro 14-inch with M4 Pro Chip, 512GB/24GB (Space Black)[2024]",14.0,,3124 x 1964,Apple M4 Pro,,12 Core,16 core GPU,24,,512GB,Wi-Fi 6E (802.11 ax),MacOS Sequioa,,1 Year,,3127,https://www.jbhifi.com.au/products/apple-macbook-pro-14-inch-with-m4-pro-chip-512gb-24gb-space-black2024
31,Microsoft,"Surface Laptop (7th Edition) Copilot+ PC 13.8"" Snapdragon X Plus 10 core/16GB/512GB (Black)",13.8,,2304 x 1536,Qualcomm Snapdragon,3.4,10 Core,Qualcomm® Adreno™ GPU,16,,512GB,Wi-Fi 7 (802.11 be),Windows 11 Home,1.22,1 Year,,1499,https://www.jbhifi.com.au/products/microsoft-surface-laptop-7th-edition-copilot-pc-13-8-snapdragon-x-plus-10-core-16gb-512gb-black
32,HP,"14a-nf0005TU 14"" HD Touchscreen Chromebook Laptop (Intel N100)[64GB]",14.0,SVA,1366 x 768,Intel N,1.0,Quad Core,Intel® UHD Graphics,4,LPDDR5,64GB,Wi-Fi 6E (802.11 ax),Google Chrome,1.45,1 Year,,299,https://www.jbhifi.com.au/products/hp-14a-nf0005tu-14-hd-touchscreen-chromebook-laptop-intel-n10064gb
33,Lenovo,"IdeaPad Slim 3 14"" HD Chromebook Laptop (128GB)",14.0,TN,1366 x 768,MTK,2.05,8 Core,,4,DDR4 SDRAM,128GB,Wi-Fi 6 (802.11 ax),Google Chrome,1.3,1 Year,,329,https://www.jbhifi.com.au/products/lenovo-ideapad-slim-3-14-hd-chromebook-laptop-128gb
34,Asus,"TUF A16"" 16"" WUXGA Gaming Laptop (AMD Ryzen 9)[GeForce RTX 5070]",16.0,IPS,1920 x 1200,AMD Ryzen 9,2.4,16 Core,,32,,2TB,Wi-Fi 6E (802.11 ax),Windows 11 Home,2.2,1 Year,,2379,https://www.jbhifi.com.au/products/asus-tuf-a16-16-wuxga-gaming-laptop-amd-ryzen-9geforce-rtx-5070
35,Apple,"MacBook Pro 14-inch with M5 Chip, 1TB/16GB (Space Black)",14.2,,3024 x 1964,Apple M5,,10 Core,10 Core GPU,16,,1TB,Wi-Fi 6E (802.11 ax),MacOS Sonoma,,1 Year,,2799,https://www.jbhifi.com.au/products/apple-macbook-pro-14-inch-with-m5-chip-1tb-16gb-space-black
36,Apple,"MacBook Pro 14-inch with M5 Chip, 512GB/16GB (Silver)",14.2,,3024 x 1964,Apple M5,,10 Core,10 Core GPU,16,,512GB,Wi-Fi 6E (802.11 ax),MacOS Sonoma,,1 Year,,2499,https://www.jbhifi.com.au/products/apple-macbook-pro-14-inch-with-m5-chip-512gb-16gb-silver
37,Lenovo,"IdeaPad S3i 15.6"" FHD Laptop (Intel Core i3)[512GB]",15.6,TN,1920 x 1080,Intel Core i3,3.3,6 Core,,8,,512GB,Wi-Fi 6 (802.11 ax),Windows 11 Home,1.62,1 Year,,549,https://www.jbhifi.com.au/products/lenovo-ideapad-s3i-15-6-fhd-laptop-intel-core-i3512gb
38,Lenovo,"Legion 5i 15.1"" WQXGA 165Hz OLED Gaming Laptop (Intel Core i7)[GeForce RTX 5050]",15.1,OLED,2560 x 1600,Intel Core i7,,20 Core,,24,,512GB,Wi-Fi 7 (802.11 be),Windows 11 Home,1.9,1 Year,,2499,https://www.jbhifi.com.au/products/lenovo-legion-5i-15-1-wqxga-165hz-oled-gaming-laptop-intel-core-i7geforce-rtx-5050
39,Asus,"TUF A16 16"" WUXGA 165Hz Gaming Laptop (AMD Ryzen 9)[GeForce RTX 5060]",16.0,IPS,1920 x 1200,AMD Ryzen 9,2.4,16 Core,,32,,1TB,Wi-Fi 6E (802.11 ax),Windows 11 Home,,1 Year,,2099,https://www.jbhifi.com.au/products/asus-tuf-a16-16-wuxga-165hz-gaming-laptop-amd-ryzen-9geforce-rtx-5060
40,HP,"Laptop 15-fd0741TU 15.6"" Full HD Laptop (Intel Core i5)[256GB]",15.6,IPS,1920 x 1080,Intel Core i5,1.3,10 Core,Intel® Iris® Xᵉ Graphics,8,DDR4,256GB,Wi-Fi 6 (802.11 ax),Windows 11 Home S,1.59,1 Year,,599,https://www.jbhifi.com.au/products/hp-laptop-15-fd0741tu-15-6-full-hd-laptop-intel-core-i5256gb
41,HP,"OmniBook 5 NG AI PC 14-he0013QU 14"" WUXGA OLED Copilot+ PC Laptop (Snapdragon X1)[512GB/16GB]",14.0,OLED,1920 x 1200,Qualcomm Snapdragon,2.0,8 Core,Qualcomm Adreno GPU,16,LPDDR5,512GB,Wi-Fi 6E (802.11 ax),Windows 11 Home,1.35,1 Year,,997,https://www.jbhifi.com.au/products/hp-omnibook-5-ng-ai-pc-14-he0013qu-14-wuxga-oled-copilot-pc-laptop-snapdragon-x1512gb-16gb
42,Apple,"MacBook Air 13-inch with M4 Chip, 512GB/16GB (Silver)",13.0,Liquid Retina LED-backlit display with IPS technology,2560 x 1664,Apple M4,,10 Core,,16,,512GB,Wi-Fi 6E (802.11 ax),MacOS Sequoia,,1 Year,,1699,https://www.jbhifi.com.au/products/apple-macbook-air-13-inch-with-m4-chip-512gb-16gb-silver
43,Apple,"MacBook Air 15-inch with M4 Chip, 512GB/16GB (Midnight)",15.3,Liquid Retina LED-backlit display with IPS technology,2880 x 1864,Apple M4,,10 Core,10-core GPU,16,,512GB,Wi-Fi 6E (802.11 ax),MacOS Sequoia,,1 Year,,2099,https://www.jbhifi.com.au/products/apple-macbook-air-15-inch-with-m4-chip-512gb-16gb-midnight
44,Apple,"MacBook Air 15-inch with M4 Chip, 512GB/24GB (Midnight)",15.3,Liquid Retina LED-backlit display with IPS technology,2880 x 1864,Apple M4,,10 Core,10-core GPU,24,,512GB,Wi-Fi 6E (802.11 ax),MacOS Sequoia,,1 Year,,2399,https://www.jbhifi.com.au/products/apple-macbook-air-15-inch-with-m4-chip-512gb-24gb-midnight
45,Apple,"MacBook Air 15-inch with M4 Chip, 256GB/16GB (Midnight)",15.3,Liquid Retina LED-backlit display with IPS technology,2880 x 1864,Apple M4,,10 Core,10-core GPU,16,,256GB,Wi-Fi 6E (802.11 ax),MacOS Sequoia,,1 Year,,1799,https://www.jbhifi.com.au/products/apple-macbook-air-15-inch-with-m4-chip-256gb-16gb-midnight
46,Lenovo,"Yoga 7i 14"" 2.8K OLED 2-in-1 Laptop (Intel Core Ultra 7)[1TB]",14.0,OLED,2880 x 1800,Intel Core Ultra 7,,8 Core,Integrated Intel® Arc™ Graphics 140V,32,,1TB,Wi-Fi 7 (802.11 be),Windows 11 Home,1.38,1 Year,,1799,https://www.jbhifi.com.au/products/lenovo-yoga-7i-14-2-8k-oled-2-in-1-laptop-intel-core-ultra-71tb
47,Lenovo,"Yoga S7 14"" 2K OLED Laptop (Ryzen AI 7)[1TB/16GB]",14.0,OLED,1920 x 1200,AMD Ryzen AI 7,,8 Core,Integrated AMD Radeon™ 860M Graphics,16,,1TB,Wi-Fi 7 (802.11 be),Windows 11 Home,,1 Year,,1349,https://www.jbhifi.com.au/products/lenovo-yoga-s7-14-2k-oled-laptop-ryzen-ai-71tb-16gb
48,Lenovo,"LOQ Essential 15.6"" FHD 144Hz Gaming Laptop (Intel Core i5)[GeForce RTX 3050]",15.6,IPS,1920 x 1080,Intel Core i5,3.1,8 Core,RTX3050,16,SO-DIMM DDR5-4800,512GB,Wi-Fi 6 (802.11 ax),Windows 11 Home,1.77,1 Year,,899,https://www.jbhifi.com.au/products/lenovo-loq-essential-15-6-fhd-144hz-gaming-laptop-intel-core-i5geforce-rtx-3050
49,Lenovo,"Duet 11"" WUXGA Chromebook Laptop (MTK838)[128GB]",11.0,IPS,1920 x 1200,MTK,,8 Core,Integrated Arm Mali-G57 MC3 GPU,4,,128GB,Yes,Google Chrome,1.101,1 Year,,359,https://www.jbhifi.com.au/products/lenovo-duet-11-wuxga-chromebook-laptop-mtk838128gb
50,Microsoft,"Surface Pro (11th Edition) Copilot+ PC 13"" Snapdragon X Plus 10 core/16GB/512GB (Black)",13.0,Touchscreen: 13” PixelSense™ Flow Display,2880 x 1920,Qualcomm Snapdragon,3.4,10 Core,Integrated,16,,512GB,Wi-Fi 7 (802.11 be),Windows 11 Home,0.895,1 Year,,1499,https://www.jbhifi.com.au/products/microsoft-surface-pro-11th-edition-copilot-pc-13-snapdragon-x-plus-10-core-16gb-512gb-black
51,Microsoft,"Surface Laptop (7th Edition) Copilot+ PC 13.8"" Snapdragon X Plus 10 core/16GB/512GB (Platinum)",13.8,,2304 x 1536,Qualcomm Snapdragon,3.4,10 Core,Qualcomm® Adreno™ GPU,16,,512GB,Wi-Fi 7 (802.11 be),Windows 11 Home,1.22,1 Year,,1499,https://www.jbhifi.com.au/products/microsoft-surface-laptop-7th-edition-copilot-pc-13-8-snapdragon-x-plus-10-core-16gb-512gb-platinum
52,ASUS,"Vivobook Go 15 E510KA 15.6"" FHD Laptop (128GB) [Intel Celeron]",15.6,LED,1920 x 1080,Intel Core Celeron,1.1,Dual Core,Intel® HD Graphics,4,DDR4 SDRAM,128GB,Wi-Fi 5 (802.11 ac),Windows 11 Home,1.57,1 Year,,374,https://www.jbhifi.com.au/products/asus-vivobook-go-15-e510ka-15-6-fhd-laptop-128gb-intel-celeron
53,MSI,"Crosshair 16 HX AI 16"" QHD+ 240Hz Gaming Laptop (Intel Core Ultra 9) [GeForce RTX 5070]",16.0,IPS-Level,2560*1600,Intel Core Ultra 9,2.7,24 Core,,32,DDR5,2TB,Wi-Fi 6E (802.11 ax),Windows 11 Home,2.5,1 Year,,2899,https://www.jbhifi.com.au/products/msi-crosshair-16-hx-ai-16-qhd-240hz-gaming-laptop-intel-core-ultra-9-geforce-rtx-5070
54,Lenovo,"Yoga Slim 7i Aura Edition 14"" 2.8K OLED Laptop (Intel Core Ultra 7)[1TB]",14.0,OLED,2880 x 1800,Intel Core Ultra 7,,8 Core,Integrated Intel® Arc™ Graphics 140V,32,,1TB,Wi-Fi 7 (802.11 be),Windows 11 Home,1.19,1 Year,,1699,https://www.jbhifi.com.au/products/lenovo-yoga-slim-7i-aura-edition-14-2-8k-oled-laptop-intel-core-ultra-71tb
55,Lenovo,"IdeaPad Slim 3i 15.3"" 2K Laptop (Intel Core i7)[1TB]",15.3,IPS,1920 x 1200,Intel Core i7,2.4,10 Core,Integrated Intel® UHD Graphics,16,,1TB,Wi-Fi 6 (802.11 ax),Windows 11 Home,1.59,1 Year,,1599,https://www.jbhifi.com.au/products/lenovo-ideapad-slim-3i-15-3-2k-laptop-intel-core-i71tb
56,Dell,"15 DC15250 15.6"" FHD Laptop (Intel Core i5)[512GB]",15.6,WVA,1920 x 1080,Intel Core i5,,10 Core,Intel UHD Graphics,16,DDR4 SDRAM,512GB,Wi-Fi 5 (802.11 ac),Windows 11 Home,1.94,1 Year,,749,https://www.jbhifi.com.au/products/dell-15-dc15250-15-6-fhd-laptop-intel-core-i5512gb
57,Lenovo,"Legion 5i 15.1"" WQXGA 165Hz OLED Gaming Laptop (Intel Core i7)[GeForce RTX 5060]",15.1,OLED,2560 x 1600,Intel Core i7,,20 Core,,24,,1TB,Wi-Fi 7 (802.11 be),Windows 11 Home,1.9,1 Year,,2197,https://www.jbhifi.com.au/products/lenovo-legion-5i-15-1-wqxga-165hz-oled-gaming-laptop-intel-core-i7geforce-rtx-5060
58,Dell,"Inspiron 14 7440 14"" WUXGA 2-in-1 Laptop (Intel Core 7)[1TB]",14.0,WVA,1920 x 1200,Intel Core 7,,10 Core,Intel Graphics,16,DDR5 SDRAM,1TB,Wi-Fi 6 (802.11 ax),Windows 11 Home,1.74,1 Year,,1399,https://www.jbhifi.com.au/products/dell-inspiron-14-7440-14-wuxga-2-in-1-laptop-intel-core-71tb
59,Lenovo,"14"" OLED Touchscreen Chromebook Plus Laptop with Gemini (256GB)",14.0,OLED,1920 x 1200,MTK,,8 Core,Integrated Arm Immortalis-G925 MC,16,,256GB,Wi-Fi 7 (802.11 be),Google Chrome,,1 Year,,799,https://www.jbhifi.com.au/products/lenovo-14-oled-touchscreen-chromebook-plus-laptop-with-gemini-256gb
60,Lenovo,"Legion 5 Pro 16IAX10 16"" WQXGA 165Hz OLED Gaming Laptop (Intel Core Ultra 9)[GeForce RTX 5070 Ti]",16.0,OLED,2560 x 1600,Intel Core Ultra 9,,24 Core,,32,DDR5 SDRAM,1TB,Wi-Fi 7 (802.11 be),Windows 11 Home,2.42,1 Year,,3299,https://www.jbhifi.com.au/products/lenovo-legion-5-pro-16iax10-16-wqxga-165hz-oled-gaming-laptop-intel-core-ultra-9geforce-rtx-5070-ti
61,Dell,"DB16255 16"" WUXGA Copilot+ PC Laptop (Ryzen AI 7)[1TB]",16.0,LED,1920 x 1200,AMD Ryzen AI 7,,8 Core,AMD Radeon Graphics,16,LPDDR5,1TB,Wi-Fi 7 (802.11 be),Windows 11 Home,1.83,1 Year,,1399,https://www.jbhifi.com.au/products/dell-db16255-16-wuxga-copilot-pc-laptop-ryzen-ai-71tb
62,Lenovo,"LOQ 15.6"" FHD 144Hz Gaming Laptop (Intel Core i7)[GeForce RTX 5050]",15.6,IPS,1920 x 1080,Intel Core i7,,14 Core,,24,,512GB,Wi-Fi 6 (802.11 ax),Windows 11 Home,2.4,1 Year,,1599,https://www.jbhifi.com.au/products/lenovo-loq-15-6-fhd-144hz-gaming-laptop-intel-core-i7geforce-rtx-5050
63,Lenvo,"LOQ Essential 15.6"" FHD 144Hz Gaming Laptop (Intel Core i5)[GeForce RTX 4050]",15.6,IPS,1920 x 1080,Intel Core i5,,8 Core,,16,DDR5 SDRAM,512GB,Wi-Fi 6 (802.11 ax),Windows 11 Home,1.77,1 Year,,1299,https://www.jbhifi.com.au/products/lenvo-loq-essential-15-6-fhd-144hz-gaming-laptop-intel-core-i5geforce-rtx-4050
64,Lenovo,"IdeaPad Slim 5 16"" WUXGA Laptop (Intel Core Ultra 5)[512GB]",16.0,IPS,1920 x 1200,Intel Core Ultra 5,,14 Core,Integrated Intel Arc Graphics,32,,512GB,Wi-Fi 6 (802.11 ax),Windows 11 Home,1.82,1 Year,,999,https://www.jbhifi.com.au/products/lenovo-ideapad-slim-5-16-wuxga-laptop-intel-core-ultra-5512gb
65,Lenovo,"IdeaPad Slim 3i 14"" HD Laptop (Intel Core Celeron)[128GB]",14.0,TN,1366 x 768,Intel Core Celeron,,4 Core,Integrated Intel UHD Graphics,4,DDR5 SDRAM,128GB,Wi-Fi 6 (802.11 ax),Windows 11 Home S,1.31,1 Year,,299,https://www.jbhifi.com.au/products/lenovo-ideapad-slim-3i-14-hd-laptop-intel-core-celeron128gb
66,HP,"OmniBook 5 Flip 14"" 2K 2-in-1 Laptop (Intel Core 7)[Silver/512GB]",14.0,IPS,1920 x 1200,Intel Core 7,4.0,10 Core,Intel® Graphics,16,LPDDR5x,512GB,Wi-Fi 6 (802.11 ax),Windows 11 Home,1.65,1 Year,,1999,https://www.jbhifi.com.au/products/hp-omnibook-5-flip-14-2k-2-in-1-laptop-intel-core-7silver-512gb
67,Microsoft,"Surface Pro Copilot+ PC 12"" Snapdragon X Plus 8 core/16GB/512GB (Violet)",12.0,PixelSense LCD display,2196 x 1464 (220 PPI),Qualcomm Snapdragon,,8 Core,integrated,16,"LPDDR5x, LPDDR5x",512GB,Wi-Fi 7 (802.11 be),Windows 11 Home,,2 Years,,1188,https://www.jbhifi.com.au/products/microsoft-surface-pro-copilot-pc-12-snapdragon-x-plus-8-core-16gb-512gb-violet
68,Microsoft,"Surface Pro Copilot+ PC 12"" Snapdragon X Plus 8 core/16GB/512GB (Platinum)",12.0,PixelSense LCD display,2196 x 1464 (220 PPI),Qualcomm Snapdragon,,8 Core,integrated,16,"LPDDR5x, LPDDR5x",512GB,Wi-Fi 7 (802.11 be),Windows 11 Home,,2 Years,,1188,https://www.jbhifi.com.au/products/microsoft-surface-pro-copilot-pc-12-snapdragon-x-plus-8-core-16gb-512gb-platinum
69,Microsoft,"Surface Laptop CoPilot+ PC 13"" Snapdragon X Plus 8 core/16GB/512GB (Platinum)",13.0,PixelSense™ Flow Display,1920 x 1280,Qualcomm Snapdragon,,8 Core,integrated,16,"LPDDR5x, LPDDR5x",512GB,Wi-Fi 7 (802.11 be),Windows 11 Home,,2 Years,,1348,https://www.jbhifi.com.au/products/microsoft-surface-laptop-copilot-pc-13-snapdragon-x-plus-8-core-16gb-512gb-platinum
70,HP,"OmniBook 5 AI 16"" 2K Laptop (Intel Core Ultra 5)[512GB]",16.0,IPS,1920 x 1200,Intel Core Ultra 5,2.4,12 Core,Intel® Graphics,16,LPDDR5x,512GB,Wi-Fi 6 (802.11 ax),Windows 11 Home,1.79,1 Year,,1899,https://www.jbhifi.com.au/products/hp-omnibook-5-ai-16-2k-laptop-intel-core-ultra-5512gb
71,MSI,"Modern 14 14"" FHD Laptop (Intel Core 5) [512GB]",14.0,IPS-Level,1920*1080,Intel Core 5,1.4,10 Core,Intel Graphics,16,DDR4,512GB,Wi-Fi 6E (802.11 ax),Windows 11 Home,1.58,1 Year,,749,https://www.jbhifi.com.au/products/msi-modern-14-14-fhd-laptop-intel-core-5-512gb
72,Apple,"MacBook Air 13-inch with M4 Chip, 512GB/24GB (Midnight)",13.0,Liquid Retina LED-backlit display with IPS technology,2560 x 1664,Apple M4,,10 Core,,24,,256GB,Wi-Fi 6E (802.11 ax),MacOS Sequoia,,1 Year,,1999,https://www.jbhifi.com.au/products/apple-macbook-air-13-inch-with-m4-chip-512gb-24gb-midnight
73,ASUS,"Zenbook 14 14"" 3K OLED Laptop (Intel Core Ultra 5)[1TB]",14.0,OLED,2880 x 1800,Intel Core Ultra 5,1.7,14 Core,Intel® Arc™ Graphics,16,,1TB,Wi-Fi 7 (802.11 be),Windows 11 Home,1.28,1 Year,,1799,https://www.jbhifi.com.au/products/asus-zenbook-14-14-3k-oled-laptop-intel-core-ultra-51tb
74,Apple,"MacBook Pro 14-inch with M4 Chip, 1TB/16GB (Space Black)[2024]",14.0,,3124 x 1964,Apple M4,,10 Core,10 core GPU,16,,1TB,Wi-Fi 6E (802.11 ax),MacOS Sequioa,,1 Year,,2597,https://www.jbhifi.com.au/products/apple-macbook-pro-14-inch-with-m4-chip-1tb-16gb-space-black2024
75,Apple,"MacBook Pro 14-inch with M4 Chip, 512GB/16GB (Silver)[2024]",14.0,,3124 x 1964,Apple M4,,10 Core,10 core GPU,16,,512GB,Wi-Fi 6E (802.11 ax),MacOS Sequioa,,1 Year,,2298,https://www.jbhifi.com.au/products/apple-macbook-pro-14-inch-with-m4-chip-512gb-16gb-silver2024
76,Microsoft,"Surface Laptop (7th Edition) Copilot+ PC 15"" Snapdragon X Elite 12 core/16GB/512GB (Black)",15.0,,2496 x 1664,Qualcomm Snapdragon,3.4,12 Core,Qualcomm® Adreno™ GPU,16,,512GB,Wi-Fi 7 (802.11 be),Windows 11 Home,1.66,1 Year,,1797,https://www.jbhifi.com.au/products/microsoft-surface-laptop-7th-edition-copilot-pc-15-snapdragon-x-elite-12-core-16gb-512gb-black-1
77,Microsoft,"Surface Laptop (7th Edition) Copilot+ PC 13.8"" Snapdragon X Plus 10 core/16GB/512GB (Sapphire)",13.8,,2304 x 1536,Qualcomm Snapdragon,3.4,10 Core,Qualcomm® Adreno™ GPU,16,,512GB,Wi-Fi 7 (802.11 be),Windows 11 Home,1.22,1 Year,,1499,https://www.jbhifi.com.au/products/microsoft-surface-laptop-7th-edition-copilot-pc-13-8-snapdragon-x-plus-10-core-16gb-512gb-sapphire-1
78,Microsoft,"Surface Laptop (7th Edition) Copilot+ PC 13.8"" Snapdragon X Plus 10 core/16GB/512GB (Dune)",13.8,,2304 x 1536,Qualcomm Snapdragon,3.4,10 Core,Qualcomm® Adreno™ GPU,16,,512GB,Wi-Fi 7 (802.11 be),Windows 11 Home,1.22,1 Year,,1499,https://www.jbhifi.com.au/products/microsoft-surface-laptop-7th-edition-copilot-pc-13-8-snapdragon-x-plus-10-core-16gb-512gb-dune-1
79,Microsoft,"Surface Pro (11th Edition) Copilot+ PC 13"" Snapdragon X Elite 12 core/16GB/512GB OLED (Black)",13.0,Touchscreen: 13” PixelSense™ Flow Display OLED,2880 x 1920,Qualcomm Snapdragon,3.4,12 Core,Integrated,16,,512GB,Wi-Fi 7 (802.11 be),Windows 11 Home,0.895,1 Year,,1849,https://www.jbhifi.com.au/products/microsoft-surface-pro-11th-edition-copilot-pc-13-snapdragon-x-elite-12-core-16gb-512gb-oled-black
80,Lenovo,"Legion 5 15.3"" WUXGA 165Hz Gaming Laptop (Intel Core i7)[GeForce RTX 5070]",15.3,IPS,1920 x 1200,Intel Core i7,,14 Core,,24,DDR5 SDRAM,1TB,Wi-Fi 6 (802.11 ax),Windows 11 Home,2.1,1 Year,,1999,https://www.jbhifi.com.au/products/lenovo-legion-5-15-3-wuxga-165hz-gaming-laptop-intel-core-i7geforce-rtx-5070
81,MSI,"Katana 15 HX 15.6"" QHD 165Hz Gaming Laptop (Intel Core i7) [GeForce RTX 5050]",15.6,IPS-Level,2560 x 1440,Intel Core i7,2.2,16 Core,,16,DDR5,1TB,Wi-Fi 6E (802.11 ax),Windows 11 Home,2.35,1 Year,,1799,https://www.jbhifi.com.au/products/msi-katana-15-hx-15-6-qhd-165hz-gaming-laptop-intel-core-i7-geforce-rtx-5050
82,Lenovo,"Yoga Slim 7x 14.5"" 3K OLED Laptop (Copilot+ PC)[1TB]",14.5,OLED,2944 x 1840,Qualcomm Snapdragon,,12 Core,Qualcomm® Adreno™,32,DDR5,1TB,Wi-Fi 7 (802.11 be),Windows 11 Home,,1 Year,,1999,https://www.jbhifi.com.au/products/lenovo-yoga-slim-7x-14-5-3k-oled-laptop-copilot-pc1tb
83,ASUS,"ROG Zephyrus G14 14"" 3K 120Hz OLED Nebula Gaming Laptop (Ryzen 9 AI)[GeForce RTX 5070 Ti]",14.0,OLED,2880 x 1800,AMD Ryzen 9,2.0,12 Core,NVIDIA GeForce RTX 5070 Ti,32,DDR5 SDRAM,2TB,Wi-Fi 7 (802.11 be),Windows 11 Home,1.57,1 Year,,3849,https://www.jbhifi.com.au/products/asus-rog-zephyrus-g14-14-3k-120hz-oled-nebula-gaming-laptop-ryzen-9-aigeforce-rtx-5070-ti
84,Microsoft,"Surface Laptop (7th Edition) Copilot+ PC 15"" Snapdragon X Elite 12 core/32GB/1TB (Black)",15.0,PixelSense™ display,2496 x 1664 (201 PPI),Qualcomm Snapdragon,3.4,12 Core,Qualcomm® Adreno™ GPU,32,,1TB,Wi-Fi 7 (802.11 be),Windows 11 Home,,2 Years,,2579,https://www.jbhifi.com.au/products/microsoft-surface-laptop-7th-edition-copilot-pc-15-snapdragon-x-elite-12-core-32gb-1tb-black
85,MSI,"Cyborg 15 15.6"" FHD 144Hz Gaming Laptop (Intel Core 7) [GeForce RTX 5060]",15.6,IPS-Level,1920 x 1080,Intel Core 7,2.5,10 Core,,16,DDR5,,Wi-Fi 6E (802.11 ax),Windows 11 Home,,1 Year,,1699,https://www.jbhifi.com.au/products/msi-cyborg-15-15-6-fhd-144hz-gaming-laptop-intel-core-7-geforce-rtx-5060
86,Dell,"15 DC15255 15.6"" FHD 120Hz Laptop (Ryzen 3)[512GB]",15.6,WVA,1920 x 1080,AMD Ryzen 3,,Quad Core,AMD Radeon 610M,8,LPDDR5,512GB,Wi-Fi 5 (802.11 ac),Windows 11 Home,1.9,1 Year,,629,https://www.jbhifi.com.au/products/dell-15-dc15255-15-6-fhd-120hz-laptop-ryzen-3512gb
87,HP,"Laptop AI PC 15-fd2021TU 15.6"" FHD Laptop (Intel Core Ultra 7)[512GB/16GB]",15.6,SVA,1920 x 1080,Intel Core Ultra 7,2.0,12 Core,Intel®  Graphics,16,DDR5,512GB,Wi-Fi 6 (802.11 ax),Windows 11 Home,1.65,1 Year,,1699,https://www.jbhifi.com.au/products/hp-laptop-ai-pc-15-fd2021tu-15-6-fhd-laptop-intel-core-ultra-7512gb-16gb
88,HP,"Envy x360 14-fc0189TU 14"" WUXGA 2-in-1 Laptop (Intel Core Ultra 5)[512GB]",14.0,IPS,1920 x 1200,Intel Core Ultra 5,1.3,12 Core,Intel® Graphics,16,LPDDR5,512GB,Wi-Fi 6E (802.11 ax),Windows 11 Home,1.39,1 Year,,1299,https://www.jbhifi.com.au/products/hp-envy-x360-14-fc0189tu-14-wuxga-2-in-1-laptop-intel-core-ultra-5512gb
89,HP,"Laptop AI PC 15-fd2080TU 15.6"" FHD Laptop (Intel Core Ultra 5)[512GB/16GB]",15.6,SVA,1920 x 1080,Intel Core Ultra 5,1.5,12 Core,Intel® Graphics,16,DDR5,512GB,Wi-Fi 6 (802.11 ax),Windows 11 Home,1.65,1 Year,,1499,https://www.jbhifi.com.au/products/hp-laptop-ai-pc-15-fd2080tu-15-6-fhd-laptop-intel-core-ultra-5512gb-16gb
90,Lenovo,"Legion 7 16IAX10 16"" WQXGA 240Hz OLED Gaming Laptop (Intel Core Ultra 9)[GeForce RTX 5070]",16.0,OLED,2560 x 1600,Intel Core Ultra 9,,24 Core,,32,DDR5 SDRAM,1TB,Wi-Fi 7 (802.11 be),Windows 11 Home,2.0,1 Year,,2999,https://www.jbhifi.com.au/products/lenovo-legion-7-16iax10-16-wqxga-240hz-oled-gaming-laptop-intel-core-ultra-9geforce-rtx-5070
91,Lenovo,"Legion 5 Pro 16IAX10 16"" WQXGA 165Hz OLED Gaming Laptop (Intel Core Ultra 9)[GeForce RTX 5070]",16.0,OLED,2560 x 1600,Intel Core Ultra 9,,24 Core,,32,DDR5 SDRAM,1TB,Wi-Fi 7 (802.11 be),Windows 11 Home,2.42,1 Year,,2797,https://www.jbhifi.com.au/products/lenovo-legion-5-pro-16iax10-16-wqxga-165hz-oled-gaming-laptop-intel-core-ultra-9geforce-rtx-5070
92,HP,"Laptop 14s-dq6002TU 14"" HD laptop (Intel N-Series)[128GB]",14.0,IPS,1366 x 768,Intel Processor N-Series,1.0,4 Core,Intel® UHD Graphics,4,DDR4,128GB,Wi-Fi 6 (802.11 ax),Windows 11 Home S,1.46,1 Year,,358,https://www.jbhifi.com.au/products/hp-laptop-14s-dq6002tu-14-hd-laptop-intel-n-series128gb
93,Microsoft,"Surface Pro Copilot+ PC 12"" Snapdragon X Plus 8 core/16GB/512GB (Ocean)",12.0,PixelSense LCD display,2196 x 1464 (220 PPI),Qualcomm Snapdragon,,8 Core,integrated,16,"LPDDR5x, LPDDR5x",512GB,Wi-Fi 7 (802.11 be),Windows 11 Home,1.143,2 Years,,1188,https://www.jbhifi.com.au/products/microsoft-surface-pro-copilot-pc-12-snapdragon-x-plus-8-core-16gb-512gb-ocean
94,Microsoft,"Surface Laptop CoPilot+ PC 13"" Snapdragon X Plus 8 core/16GB/512GB (Violet)",13.0,PixelSense™ Flow Display,1920 x 1280,Qualcomm Snapdragon,,8 Core,integrated,16,"LPDDR5x, LPDDR5x",512GB,Wi-Fi 7 (802.11 be),Windows 11 Home,,2 Years,,1348,https://www.jbhifi.com.au/products/microsoft-surface-laptop-copilot-pc-13-snapdragon-x-plus-8-core-16gb-512gb-violet
95,Microsoft,"Surface Laptop CoPilot+ PC 13"" Snapdragon X Plus 8 core/16GB/512GB (Ocean)",13.0,PixelSense™ Flow Display,1920 x 1280,Qualcomm Snapdragon,,8 Core,integrated,16,"LPDDR5x, LPDDR5x",512GB,Wi-Fi 7 (802.11 be),Windows 11 Home,1.876,2 Years,,1348,https://www.jbhifi.com.au/products/microsoft-surface-laptop-copilot-pc-13-snapdragon-x-plus-8-core-16gb-512gb-ocean
96,HP,"OmniBook 5 Flip 14"" 2K 2-in-1 Laptop (Intel Core i5)[Silver/256GB]",14.0,IPS,1920 x 1200,Intel Core i5,3.4,10 Core,Intel® Iris® Xᵉ Graphics,16,LPDDR5x,256GB,Wi-Fi 6 (802.11 ax),Windows 11 Home,1.65,1 Year,,929,https://www.jbhifi.com.au/products/hp-omnibook-5-flip-14-2k-2-in-1-laptop-intel-core-i5silver-256gb
97,Asus,"ROG Strix G16 16"" WUXGA 165Hz Gaming Laptop (Ryzen 9)[GeForce RTX 5070Ti]",16.0,IPS,1920 x 1200,AMD Ryzen 9,2.4,16 Core,,32,,1TB,Wi-Fi 6E (802.11 ax),Windows 11 Home,2.5,1 Year,,2939,https://www.jbhifi.com.au/products/asus-rog-strix-g16-16-wuxga-165hz-gaming-laptop-ryzen-9geforce-rtx-5070ti
98,ASUS,"Vivobook S16 16"" 2.5K Laptop (Copilot+ PC)[1TB]",16.0,IPS,2560 x 1600,Qualcomm Snapdragon,2.97,8 Core,Qualcomm® Adreno™ GPU,32,,1TB,Wi-Fi 6E (802.11 ax),Windows 11 Home,3.4,1 Year,,1149,https://www.jbhifi.com.au/products/asus-vivobook-s16-16-2-5k-laptop-copilot-pc1tb
99,Lenovo,"IdeaPad Slim 3i 14"" WUXGA Laptop (Intel Core i5)[512GB]",14.0,IPS,1920 x 1200,Intel Core i5,2.1,8 Core,Integrated Intel® UHD Graphics,8,,512GB,Wi-Fi 6 (802.11 ax),Windows 11 Home,1.39,1 Year,,699,https://www.jbhifi.com.au/products/lenovo-ideapad-slim-3i-14-wuxga-laptop-intel-core-i5512gb
100,Asus,"TUF Gaming F16 16"" FHD+ 144Hz Gaming Laptop (Intel Core i7)[GeForce RTX 4050]",16.0,IPS,1920x1200,Intel Core i7,2.4,10 Core,NVIDIA® GeForce RTX™ 4050 Laptop GPU (194 AI TOPs),16,DDR5 SDRAM,512GB,Wi-Fi 6 (802.11 ax),Windows 11 Home,2.2,1 Year,,1679,https://www.jbhifi.com.au/products/asus-tuf-gaming-f16-16-fhd-144hz-gaming-laptop-intel-core-i7geforce-rtx-4050
101,Apple,"MacBook Air 15-inch with M4 Chip, 256GB/16GB (Sky Blue)",15.3,Liquid Retina LED-backlit display with IPS technology,2880 x 1864,Apple M4,,10 Core,10-core GPU,16,,256GB,Wi-Fi 6E (802.11 ax),MacOS Sequoia,,1 Year,,1799,https://www.jbhifi.com.au/products/apple-macbook-air-15-inch-with-m4-chip-256gb-16gb-sky-blue
102,Apple,"MacBook Air 13-inch with M4 Chip, 512GB/24GB (Silver)",13.0,Liquid Retina LED-backlit display with IPS technology,2560 x 1664,Apple M4,,10 Core,,24,,512GB,Wi-Fi 6E (802.11 ax),MacOS Sequoia,,1 Year,,1999,https://www.jbhifi.com.au/products/apple-macbook-air-13-inch-with-m4-chip-512gb-24gb-silver
103,Apple,"MacBook Air 15-inch with M4 Chip, 512GB/16GB (Sky Blue)",15.3,Liquid Retina LED-backlit display with IPS technology,2880 x 1864,Apple M4,,10 Core,10-core GPU,16,,512GB,Wi-Fi 6E (802.11 ax),MacOS Sequoia,,1 Year,,2099,https://www.jbhifi.com.au/products/apple-macbook-air-15-inch-with-m4-chip-512gb-16gb-sky-blue
104,Apple,"MacBook Air 13-inch with M4 Chip, 512GB/24GB (Starlight)",13.0,Liquid Retina LED-backlit display with IPS technology,2560 x 1664,Apple M4,,10 Core,,24,,256GB,Wi-Fi 6E (802.11 ax),MacOS Sequoia,,1 Year,,1999,https://www.jbhifi.com.au/products/apple-macbook-air-13-inch-with-m4-chip-512gb-24gb-starlight
105,Lenovo,"Yoga Slim 7i Aura Edition 14"" 2.8K OLED Laptop (Intel Core Ultra 5)[1TB]",14.0,OLED,2880 x 1800,Intel Core Ultra 5,,8 Core,Integrated Intel® Arc™ Graphics 130V,16,,1TB,Wi-Fi 7 (802.11 be),Windows 11 Home,1.19,1 Year,,1399,https://www.jbhifi.com.au/products/lenovo-yoga-slim-7i-aura-edition-14-2-8k-oled-laptop-intel-core-ultra-51tb
106,ASUS,"CX14 14"" Full HD Chromebook Laptop (Intel Core 3)[128GB]",14.0,,1920 x 1200,Intel Core i3,1.9,Octa Core,,8,,,Wi-Fi 6 (802.11 ax),Google Chrome,1.38,1 Year,,399,https://www.jbhifi.com.au/products/asus-cx14-14-full-hd-chromebook-laptop-intel-core-3128gb
107,Lenovo,"IdeaPad Slim 5 14"" WUXGA Laptop (Snapdragon X Plus)[1TB]",14.0,OLED,1920 x 1200,Qualcomm Snapdragon,3.4,8 Core,,32,,1TB,Yes,Windows 11 Home,1.48,1 Year,,1299,https://www.jbhifi.com.au/products/lenovo-ideapad-slim-5-14-wuxga-laptop-snapdragon-x-plus1tb
108,Lenovo,"IdeaPad Slim 5 14"" WUXGA Laptop (Snapdragon X Plus)[512GB]",14.0,IPS,1920 x 1200,Qualcomm Snapdragon,3.4,8 Core,,16,,512GB,Yes,Windows 11 Home,1.48,1 Year,,999,https://www.jbhifi.com.au/products/lenovo-ideapad-slim-5-14-wuxga-laptop-snapdragon-x-plus512gb
109,HP,"OmniBook Ultra 14"" 2.2K Laptop (Ryzen 9 AI HX 375)[1TB]",14.0,IPS,2240x1400,AMD Ryzen 9,2.0,12 Core,AMD Radeon™ Graphics,32,LPDDR5,1TB,Wi-Fi 7 (802.11 be),Windows 11 Home,1.57,1 Year,,3699,https://www.jbhifi.com.au/products/hp-omnibook-ultra-14-2-2k-laptop-ryzen-9-ai-hx-3751tb
110,Microsoft,"Surface Laptop (7th Edition) Copilot+ PC 15"" Snapdragon X Elite 12 core/16GB/1TB (Black)",15.0,,2496 x 1664,Qualcomm Snapdragon,3.4,12 Core,Qualcomm® Adreno™ GPU,16,,1TB,Wi-Fi 7 (802.11 be),Windows 11 Home,1.66,1 Year,,2049,https://www.jbhifi.com.au/products/microsoft-surface-laptop-7th-edition-copilot-pc-15-snapdragon-x-elite-12-core-16gb-1tb-black
111,Microsoft,"Surface Pro (11th Edition) Copilot+ PC 13"" Snapdragon X Plus 10 core/16GB/512GB (Sapphire)",13.0,Touchscreen: 13” PixelSense™ Flow Display,2880 x 1920,Qualcomm Snapdragon,3.4,10 Core,Integrated,16,,512GB,Wi-Fi 7 (802.11 be),Windows 11 Home,0.895,1 Year,,1499,https://www.jbhifi.com.au/products/microsoft-surface-pro-11th-edition-copilot-pc-13-snapdragon-x-plus-10-core-16gb-512gb-sapphire
112,Lenovo,"Yoga 7 EVO 14"" WUXGA 2-in-1 OLED Laptop (Intel Core Ultra 7)[1TB]",14.0,OLED,1920x1200,Intel Core Ultra 7,1.4,16 Core,INTEGRATED,16,DDR5 SDRAM,1TB,Wi-Fi 6E (802.11 ax),Windows 11 Home,1.49,1 Year,,1499,https://www.jbhifi.com.au/products/lenovo-yoga-7-evo-14-wuxga-2-in-1-oled-laptop-intel-core-ultra-71tb
113,Asus,"E510 15.6"" Full HD Laptop (256GB)[Intel Pentium Silver]",15.6,,1920 x 1080,Intel Pentium Silver,1.1,Quad Core,Intel HD,8,DDR4 SDRAM,256GB,Wi-Fi 5 (802.11 ac),Windows 11 Home,1.57,1 Year,,499,https://www.jbhifi.com.au/products/asus-e510-15-6-full-hd-laptop-256gbintel-pentium-silver
114,HP,"OMEN 16-am0146TX 16"" WUXGA 165Hz Gaming Laptop (Intel Core i7)[GeForce RTX 5060]",16.0,IPS,1920 x 1200,Intel Core i7,2.2,16 Core,,24,DDR5 SDRAM,1TB,Wi-Fi 6E (802.11 ax),Windows 11 Home,2.43,1 Year,,2899,https://www.jbhifi.com.au/products/hp-omen-16-am0146tx-16-wuxga-165hz-gaming-laptop-intel-core-i7geforce-rtx-5060
115,HP,"OmniBook 5 NG AI 16"" 2K Laptop (Ryzen AI 7)[512GB]",16.0,IPS,1920 x 1200,AMD Ryzen AI 7,2.0,8 Core,AMD Radeon™ 860M Graphics,32,LPDDR5x,512GB,Wi-Fi 6 (802.11 ax),Windows 11 Home,1.79,1 Year,,2399,https://www.jbhifi.com.au/products/hp-omnibook-5-ng-ai-16-2k-laptop-ryzen-ai-7512gb
116,Lenovo,"IdeaPad 5 14"" 2K OLED 2-in-1 Laptop (Copilot+ PC)[512GB]",14.0,OLED,1920 x 1200,Qualcomm Snapdragon,,8 Core,Integrated Qualcomm® Adreno™ GPU,16,,512GB,Wi-Fi 7 (802.11 be),Windows 11 Home,1.49,1 Year,,948,https://www.jbhifi.com.au/products/lenovo-ideapad-5-14-2k-oled-2-in-1-laptop-copilot-pc512gb
117,Apple,"MacBook Pro 16-inch with M4 Pro Chip, 512GB/24GB (Space Black)[2024]",16.2,,3456 x 2234,Apple M4 Pro,,,,24,,512GB,Wi-Fi 6E (802.11 ax),,,,1 Year,3877,https://www.jbhifi.com.au/products/apple-macbook-pro-16-inch-with-m4-pro-chip-512gb-24gb-space-black2024
118,MSI,"Thin A15 15"" FHD 144Hz Gaming Laptop (Ryzen 7) [GeForce RTX 3050]",15.6,IPS-Level,1920 x 1080,AMD Ryzen 7,3.2,8 Core,,8,DDR5-4800,512GB,Wi-Fi 6E (802.11 ax),Windows 11 Home,1.86,1 Year,,1299,https://www.jbhifi.com.au/products/msi-thin-a15-15-fhd-144hz-gaming-laptop-ryzen-7-geforce-rtx-3050
119,Lenovo,"IdeaPad S1i 14"" HD Laptop (Intel Celeron)[128GB]",14.0,TN,1366 x 768,Intel Core Celeron,1.1,Dual Core,Integrated Intel® UHD Graphics,4,DDR4 SDRAM,,Wi-Fi 6 (802.11 ax),Windows 11 Home S,1.31,1 Year,,449,https://www.jbhifi.com.au/products/lenovo-ideapad-s1i-14-hd-laptop-intel-celeron128gb
120,Apple,"MacBook Air 13-inch with M3 Chip, 10-core GPU, 512GB/16GB (Silver)[2024]",13.6,Liquid Retina,2560 x 1664,Apple M3,,8 Core,,16,,512GB,Wi-Fi 6E (802.11 ax),MacOS Sonoma,,1 Year,,1744,https://www.jbhifi.com.au/products/apple-macbook-air-13-inch-with-m3-chip-10-core-gpu-512gb-16gb-silver2024
121,Lenovo,"Yoga 7 EVO 14"" WUXGA 2-in-1 OLED Laptop (Intel Core Ultra 5)[512GB]",14.0,OLED,1920x1200,Intel Core Ultra 5,1.2,14 Core,INTEGRATED,16,DDR5 SDRAM,512GB,Wi-Fi 6E (802.11 ax),Windows 11 Home,1.49,1 Year,,1199,https://www.jbhifi.com.au/products/lenovo-yoga-7-evo-14-wuxga-2-in-1-oled-laptop-intel-core-ultra-5512gb
122,Lenovo,"LOQ 15.6"" FHD 144Hz Gaming Laptop (Intel Core i7)[GeForce RTX 5060]",15.6,IPS,1920 x 1080,Intel Core i7,,14 Core,,24,,1TB,Wi-Fi 6 (802.11 ax),Windows 11 Home,2.4,1 Year,,1798,https://www.jbhifi.com.au/products/lenovo-loq-15-6-fhd-144hz-gaming-laptop-intel-core-i7geforce-rtx-5060
123,HP,"OMEN 16-am0007TX 16"" WQXGA 240Hz Gaming Laptop (Intel Core i9)[GeForce RTX 5070]",16.0,IPS,2560 x 1600,Intel Core i9,2.2,24 Core,,32,DDR5 SDRAM,1TB,Wi-Fi 6E (802.11 ax),Windows 11 Home,2.43,1 Year,,2799,https://www.jbhifi.com.au/products/hp-omen-16-am0007tx-16-wqxga-240hz-gaming-laptop-intel-core-i9geforce-rtx-5070
124,HP,"OmniBook 5 NG AI PC 14"" WUXGA OLED Copilot+ PC Touch Laptop (Snapdragon X Plus)[512GB/32GB]",14.0,OLED,1920 x 1200,Qualcomm Snapdragon,3.0,8 Core,Qualcomm Adreno GPU,32,LPDDR5,512GB,Wi-Fi 6E (802.11 ax),Windows 11 Home,1.35,1 Year,,1499,https://www.jbhifi.com.au/products/hp-omnibook-5-ng-ai-pc-14-wuxga-oled-copilot-pc-touch-laptop-snapdragon-x-plus512gb-32gb
125,HP,"Laptop 14s-dq3002TU 14"" Full HD laptop (Intel Pentium Silver)[256GB]",14.0,IPS,1920 x 1080,Intel Core Pentium,1.0,4 Core,Intel® UHD Graphics,8,DDR4,256GB,Wi-Fi 6 (802.11 ax),Windows 11 Home,1.46,1 Year,,499,https://www.jbhifi.com.au/products/hp-laptop-14s-dq3002tu-14-full-hd-laptop-intel-pentium-silver256gb
126,Lenovo,"IdeaPad Slim 5 16"" 3K 120Hz Laptop (Intel Core Ultra 7)[1TB]",16.0,OLED,2880 x 1800,Intel Core Ultra 7,,16 Core,,32,,1TB,Wi-Fi 6 (802.11 ax),Windows 11 Home,1.69,1 Year,,2299,https://www.jbhifi.com.au/products/lenovo-ideapad-slim-5-16-3k-120hz-laptop-intel-core-ultra-71tb
127,Lenovo,"LOQ 171RX10 17.3"" Gaming Laptop (Intel Core i7) [GeForce RTX 5070]",17.3,IPS LCD,1920 x 1080,Intel Core i7,,20 Core,,24,,,Wi-Fi 6 (802.11 ax),Windows 11 Home,2.9,1 Year,,2999,https://www.jbhifi.com.au/products/lenovo-loq-171rx10-17-3-gaming-laptop-intel-core-i7-geforce-rtx-5070
128,Asus,"VivoBook 15.6"" Full HD Thin & Light Laptop (1TB)[Intel Core i5]",15.6,IPS,1920 x 1080,Intel Core i5,1.3,10 Core,,16,,1TB,Wi-Fi 6E (802.11 ax),Windows 11 Home,1.7,1 Year,,799,https://www.jbhifi.com.au/products/asus-vivobook-15-6-full-hd-thin-light-laptop-1tbintel-core-i5
129,ASUS,ROG Flow Z13 13” 2.5K 180Hz Touchscreen Nebula AI Gaming Laptop (AMD Strix Halo AI MAX+ 395),13.4,IPS,2560x1600,,3.0,16 Core,AMD STRIX HALO-16C/BGA,32,LPDDR5,1TB,Wi-Fi 7 (802.11 be),Windows 11 Home,1.2,1 Year,,3149,https://www.jbhifi.com.au/products/asus-rog-flow-z13-13-2-5k-180hz-touchscreen-nebula-ai-gaming-laptop-amd-strix-halo-ai-max-395
130,Alienware,"16 Aurora 16"" WQXGA 120Hz Gaming Laptop (Intel Core 7)[GeForce RTX 5060]",16.0,IPS,2560 x 1600,Intel Core 7,2.5,10 Core,,32,DDR5 SDRAM,1TB,Wi-Fi 7 (802.11 be),Windows 11 Home,2.57,1 Year,,2449,https://www.jbhifi.com.au/products/alienware-16-aurora-16-wqxga-120hz-gaming-laptop-intel-core-7geforce-rtx-5060
131,ASUS,"ROG Strix G16 16"" WQXGA 240Hz Gaming Laptop (Intel Core Ultra 9) [GeForce RTX 5070]",16.0,IPS,2560 x 1600,Intel Core Ultra 9,2.7,24 Core,,32,,2TB,Wi-Fi 7 (802.11 be),Windows 11 Home,2.65,1 Year,,3429,https://www.jbhifi.com.au/products/asus-rog-strix-g16-16-wqxga-240hz-gaming-laptop-intel-core-ultra-9-geforce-rtx-5070
132,ASUS,"CX14 14"" Chromebook Laptop (Intel N4500)[128GB]",14.0,,1920 x 1080,Intel Core Celeron,1.1,Dual Core,,8,,128GB,Wi-Fi 6 (802.11 ax),Google Chrome,1.4,1 Year,,259,https://www.jbhifi.com.au/products/asus-cx14-14-chromebook-laptop-intel-n4500128gb
133,Dell,"14 Plus 14"" FHD+ 2-in-1 Laptop (Intel Core Ultra 7)[1TB]",14.0,LED,1920 x 1200,Intel Core Ultra 7,2.2,8 Core,,16,LPDDR5,1TB,Wi-Fi 7 (802.11 be),Windows 11 Home,,1 Year,,1679,https://www.jbhifi.com.au/products/dell-14-plus-14-fhd-2-in-1-laptop-intel-core-ultra-71tb
134,MSI,"Venture 14 AI 14"" 2.8K OLED 120Hz Laptop (Core Ultra 7) [1TB]",14.0,OLED,2880 x 1800,Intel Core Ultra 7,2.5,16 Core,Intel Arc Graphics,32,DDR5,1TB,Wi-Fi 6E (802.11 ax),Windows 11 Home,1.7,1 Year,,1399,https://www.jbhifi.com.au/products/msi-venture-14-ai-14-2-8k-oled-120hz-laptop-core-ultra-7-1tb
135,MSI,"Venture A14 AI+ 14"" 2.8K OLED 120Hz Next-Level Laptop (Ryzen AI 5) [512GB]",14.0,IPS-Level,2880 x 1800,AMD Ryzen AI 5,2.0,6 Core,AMD Radeon Graphics,16,DDR5,512GB,Wi-Fi 6E (802.11 ax),Windows 11 Home,1.7,1 Year,,1099,https://www.jbhifi.com.au/products/msi-venture-a14-ai-14-2-8k-oled-120hz-next-level-laptop-ryzen-ai-5-512gb
136,Lenovo,"IdeaPad 5i 14"" WUXGA 2-in-1 Laptop (Intel Core i7)[512GB]",14.0,OLED,1920 x 1200,Intel Core i7,2.4,10 Core,,16,,512GB,Wi-Fi 6 (802.11 ax),Windows 11 Home,1.5,1 Year,,1299,https://www.jbhifi.com.au/products/lenovo-ideapad-5i-14-wuxga-2-in-1-laptop-intel-core-i7512gb
137,Lenovo,"IdeaPad 5i 14"" WUXGA 2-in-1 Laptop (Intel Core i5)[512GB]",14.0,IPS,1920 x 1200,Intel Core i5,2.1,8 Core,,8,,512GB,Wi-Fi 6 (802.11 ax),Windows 11 Home,1.6,1 Year,,899,https://www.jbhifi.com.au/products/lenovo-ideapad-5i-14-wuxga-2-in-1-laptop-intel-core-i5512gb
138,HP,"OmniBook Ultra Flip 14"" OLED Laptop (Intel® Core™ Ultra 7 / 32GB)",14.0,OLED,2880x1800,Intel® Core™ Ultra 7,2.2,8 Core,Intel® Arc™ Graphics,32,LPDDR5,1TB,Yes,Windows 11 Home,,1 Year,,2499,https://www.jbhifi.com.au/products/hp-omnibook-ultra-flip-14-oled-laptop-intel-core-ultra-7-32gb
139,HP,"14a-nf0007TU 14"" HD Chromebook Laptop (Intel N100)[64GB]",14.0,SVA,1366 x 768,Intel N,1.0,Quad Core,Intel® UHD Graphics,4,LPDDR5,64GB,Wi-Fi 6E (802.11 ax),Google Chrome,1.45,1 Year,,349,https://www.jbhifi.com.au/products/hp-14a-nf0007tu-14-hd-chromebook-laptop-intel-n10064gb
140,Microsoft,"Surface Laptop (7th Edition) Copilot+ PC 13.8"" Snapdragon X Elite 12 core/16GB/1TB (Black)",13.8,,2304 x 1536,Qualcomm Snapdragon,3.4,12 Core,Qualcomm® Adreno™ GPU,16,,1TB,Wi-Fi 7 (802.11 be),Windows 11 Home,1.22,1 Year,,1899,https://www.jbhifi.com.au/products/microsoft-surface-laptop-7th-edition-copilot-pc-13-8-snapdragon-x-elite-12-core-16gb-1tb-black
141,Microsoft,"Surface Pro (11th Edition) Copilot+ PC 13"" Snapdragon X Elite 12 core/16GB/1TB OLED (Black)",13.0,Touchscreen: 13” PixelSense™ Flow Display OLED,2880 x 1920,Qualcomm Snapdragon,3.4,12 Core,Integrated,16,,1TB,Wi-Fi 7 (802.11 be),Windows 11 Home,0.895,1 Year,,2049,https://www.jbhifi.com.au/products/microsoft-surface-pro-11th-edition-copilot-pc-13-snapdragon-x-elite-12-core-16gb-1tb-oled-black
142,Microsoft,"Surface Pro (11th Edition) Copilot+ PC 13"" Snapdragon X Plus 10 core/16GB/512GB (Dune)",13.0,Touchscreen: 13” PixelSense™ Flow Display,2880 x 1920,Qualcomm Snapdragon,3.4,10 Core,Integrated,16,,512GB,Wi-Fi 7 (802.11 be),Windows 11 Home,0.895,1 Year,,1499,https://www.jbhifi.com.au/products/microsoft-surface-pro-11th-edition-copilot-pc-13-snapdragon-x-plus-10-core-16gb-512gb-dune
143,MSI,"Modern 15 H AI 15.6"" FHD Lifestyle Laptop (Intel Core Ultra 7) [512GB SSD]",15.6,IPS,1920 x 1080,Intel Core Ultra 7,3.8,16 Core,Intel Arc,16,DDR5 SDRAM,512GB,Wi-Fi 6E (802.11 ax),Windows 11 Home,1.9,1 Year,,1099,https://www.jbhifi.com.au/products/msi-modern-15-h-ai-15-6-fhd-lifestyle-laptop-intel-core-ultra-7-512gb-ssd
144,HP,"15a-nb0009TU 15.6"" Full HD Chromebook Laptop with Gemini (128GB)[Intel i3]",15.6,IPS,1920 x 1080,Intel N,0.1,8 Core,Intel® UHD Graphics,8,LPDDR5,128GB,Wi-Fi 6 (802.11 ax),Google Chrome,1.73,1 Year,,499,https://www.jbhifi.com.au/products/hp-15a-nb0009tu-15-6-full-hd-chromebook-laptop-with-gemini-128gbintel-i3
145,MSI,"Vector 16 HX AI 16"" QHD+ 240Hz Gaming Laptop (Intel Core Ultra 9) [GeForce RTX 5070]",16.0,IPS-Level,2560 x 1600,Intel Core Ultra 9,2.7,24 Core,,32,DDR5,1TB,Wi-Fi 7 (802.11 be),Windows 11 Home,2.7,1 Year,,2799,https://www.jbhifi.com.au/products/msi-vector-16-hx-ai-16-qhd-240hz-gaming-laptop-intel-core-ultra-9-geforce-rtx-5070
146,Apple,"MacBook Air 15-inch with M4 Chip, 512GB/24GB (Sky Blue)",15.3,Liquid Retina LED-backlit display with IPS technology,2880 x 1864,Apple M4,,10 Core,10-core GPU,24,,512GB,Wi-Fi 6E (802.11 ax),MacOS Sequoia,,1 Year,,2399,https://www.jbhifi.com.au/products/apple-macbook-air-15-inch-with-m4-chip-512gb-24gb-sky-blue
147,Microsoft,"Surface Pro (11th Edition) Copilot+ PC 13"" Snapdragon X Elite 12 core/32GB/1TB (Platinum)",13.0,13” PixelSense™ Flow Display,2880 x 1920,Qualcomm Snapdragon,,12 Core,integrated,32,,1TB,Yes,Windows 11 Home,1.757,2 Years,,2479,https://www.jbhifi.com.au/products/microsoft-surface-pro-11th-edition-copilot-pc-13-snapdragon-x-elite-12-core-32gb-1tb-platinum
148,Lenovo,"LOQ 15.6"" FHD 144Hz Gaming Laptop (Intel Core i7)[GeForce RTX 4060]",15.6,IPS,1920 x 1080,Intel Core i7,2.6,14 Core,,32,SO-DIMM DDR5-4800,1TB,Wi-Fi 6 (802.11 ax),Windows 11 Home,2.38,1 Year,,2499,https://www.jbhifi.com.au/products/lenovo-loq-15-6-fhd-144hz-gaming-laptop-intel-core-i7geforce-rtx-4060-1
149,Apple,"MacBook Pro 14-inch with M4 Chip, 1TB/24GB (Silver)[2024]",14.0,,3124 x 1964,Apple M4,,10 Core,10 core GPU,24,,1TB,Wi-Fi 6E (802.11 ax),MacOS Sequioa,,1 Year,,2887,https://www.jbhifi.com.au/products/apple-macbook-pro-14-inch-with-m4-chip-1tb-24gb-silver2024
150,Asus,"Zenbook S 14 14"" 3K OLED Laptop (Intel Core Ultra 7)[1TB]",14.0,OLED,2880 x 1800,Intel Core Ultra 7,3.7,8 Core,,32,DDR5 SDRAM,1TB,Wi-Fi 7 (802.11 be),Windows 11 Home,1.2,1 Year,,2549,https://www.jbhifi.com.au/products/asus-zenbook-s-14-14-3k-oled-laptop-intel-core-ultra-71tb
151,MSI,"Thin A15 15"" FHD 144Hz Gaming Laptop (Ryzen 5) [GeForce RTX 3050]",15.6,IPS-Level,1920x1080,AMD Ryzen 5,3.3,6 Core,NVIDIA GeForce RTX 3050,8,DDR5-4800,512GB,Wi-Fi 6E (802.11 ax),Windows 11 Home,1.86,1 Year,,1149,https://www.jbhifi.com.au/products/msi-thin-a15-15-fhd-144hz-gaming-laptop-ryzen-5-geforce-rtx-3050
152,MSI,"Summit 13 AI+ Evo 13.3"" FHD+ 2-in-1 Laptop (Intel Core Ultra 9) [2TB]",13.3,IPS,1920 x 1200,Intel Core Ultra 9,3.3,8 Core,Intel Arc graphics,32,,2TB,Wi-Fi 7 (802.11 be),Windows 11 Home,1.35,1 Year,,2199,https://www.jbhifi.com.au/products/msi-summit-13-ai-evo-13-3-fhd-2-in-1-laptop-intel-core-ultra-9-2tb
153,Dell,"Inspiron 15 3530 15.6"" FHD 120Hz Laptop (Intel Core i7)[512GB]",15.6,LED,1920 x 1080,Intel Core i7,1.7,10 Core,Intel Iris Xe,16,DDR4,512GB,Wi-Fi 6 (802.11 ax),Windows 11 Home,1.66,1 Year,,979,https://www.jbhifi.com.au/products/dell-inspiron-15-3530-15-6-fhd-120hz-laptop-intel-core-i7512gb
154,Lenovo,"Yoga Slim 7i 14"" WUXGA OLED Laptop (Ryzen AI 7)[1TB]",14.0,OLED,1920 x 1200,AMD Ryzen AI 7,,8 Core,Integrated AMD Radeon 860M Graphics,32,DDR5 SDRAM,1TB,Wi-Fi 7 (802.11 be),Windows 11 Home,1.19,1 Year,,1499,https://www.jbhifi.com.au/products/lenovo-yoga-slim-7i-14-wuxga-oled-laptop-ryzen-ai-71tb
155,Apple,"MacBook Air 15-inch with M4 Chip, 256GB/16GB (Silver)",15.3,Liquid Retina LED-backlit display with IPS technology,2880 x 1864,Apple M4,,10 Core,10-core GPU,16,,256GB,Wi-Fi 6E (802.11 ax),MacOS Sequoia,,1 Year,,1799,https://www.jbhifi.com.au/products/apple-macbook-air-15-inch-with-m4-chip-256gb-16gb-silver
156,ASUS,"ROG Zephyrus G16 16"" 2.5K 240Hz OLED Nebula Gaming Laptop (Intel Core Ultra 9)[GeForce RTX 5080]",16.0,OLED,2560x1600,Intel Core Ultra 9,2.9,16 Core,NVIDIA GeForce RTX 5080,32,DDR5 SDRAM,,Wi-Fi 7 (802.11 be),Windows 11 Home,1.95,1 Year,,4619,https://www.jbhifi.com.au/products/asus-rog-zephyrus-g16-16-2-5k-240hz-oled-nebula-gaming-laptop-intel-core-ultra-9geforce-rtx-5080
157,ASUS,"ProArt P16 16"" 4K OLED Laptop (AMD Ryzen AI) [GeForce RTX 4070]",16.0,OLED,3840 x 2400,AMD Ryzen 9,2.0,12 Core,,32,,2TB,Wi-Fi 7 (802.11 be),Windows 11 Home,1.85,1 Year,,3749,https://www.jbhifi.com.au/products/asus-proart-p16-16-4k-oled-laptop-amd-ryzen-ai-geforce-rtx-4070
158,Apple,"MacBook Pro 14-inch with M4 Max Chip, 1TB/36GB (Space Black)[2024]",14.0,,3124 x 1964,Apple M4 Max,,14 Core,32 core GPU,36,,1TB,Wi-Fi 6E (802.11 ax),MacOS Sequioa,,1 Year,,4767,https://www.jbhifi.com.au/products/apple-macbook-pro-14-inch-with-m4-max-chip-1tb-36gb-space-black2024
159,MSI,"Cyborg 15 15.6"" FHD 144Hz Gaming Laptop (Intel Core 7) [GeForce RTX 5050]",15.6,IPS-Level,1920 x 1080,Intel Core 7,2.5,10 Core,,16,DDR5,,Wi-Fi 6E (802.11 ax),Windows 11 Home,,1 Year,,1549,https://www.jbhifi.com.au/products/msi-cyborg-15-15-6-fhd-144hz-gaming-laptop-intel-core-7-geforce-rtx-5050
160,Dell,"Inspiron 14 7440 14"" WQXGA 2-in-1 Laptop (Intel Core i5)[512GB/16GB]",14.0,LED,1920 x 1200,Intel Core i5,1.3,10 Core,Intel Iris Xe,16,DDR5 SDRAM,512GB,Wi-Fi 6E (802.11 ax),Windows 11 Home,1.74,1 Year,,1599,https://www.jbhifi.com.au/products/dell-inspiron-14-7440-14-wqxga-2-in-1-laptop-intel-core-i5512gb-16gb
161,Lenovo,"Legion 5i 15.1"" WQXGA 165Hz OLED Gaming Laptop (Intel Core i9)[GeForce RTX 5070]",15.1,OLED,2560 x 1600,Intel Core i9,,24 Core,,32,,1TB,Wi-Fi 7 (802.11 be),Windows 11 Home,1.9,1 Year,,2688,https://www.jbhifi.com.au/products/lenovo-legion-5i-15-1-wqxga-165hz-oled-gaming-laptop-intel-core-i9geforce-rtx-5070
162,Lenovo,"Legion 9i 18"" WQUXGA 240Hz Gaming Laptop (Intel Core Ultra 9)[GeForce RTX 5090]",18.0,IPS,3840 x 2160,Intel Core Ultra 9,,24 Core,RTX 5090,64,DDR5 SDRAM,2TB,Wi-Fi 7 (802.11 be),Windows 11 Home,3.75,1 Year,,7999,https://www.jbhifi.com.au/products/lenovo-legion-9i-18-wquxga-240hz-gaming-laptop-intel-core-ultra-9geforce-rtx-5090
163,HP,"Laptop 14-ep1185TU 14"" Full HD Laptop (Intel Core Ultra 5)[512GB]",14.0,IPS,1920 x 1080,Intel Core Ultra 5,3.6,14 Core,Intel® Arc™ Graphics,24,DDR5,512GB,Wi-Fi 6 (802.11 ax),Windows 11 Home,1.4,1 Year,,949,https://www.jbhifi.com.au/products/hp-laptop-14-ep1185tu-14-full-hd-laptop-intel-core-ultra-5512gb
164,ASUS,"Zenbook A14 14"" OLED Copilot+ PC Beige Laptop (Snapdragon X Elite)[1TB/32GB]",14.0,OLED,1920 x 1200,Qualcomm Snapdragon,3.4,12 Core,Qualcomm® Adreno™ GPU,32,,1TB,Wi-Fi 7 (802.11 be),Windows 11 Home,0.98,1 Year,,2599,https://www.jbhifi.com.au/products/asus-zenbook-a14-14-oled-copilot-pc-beige-laptop-snapdragon-x-elite1tb-32gb
165,Victus,"15-fa2364TX 15.6"" Full HD Gaming Laptop (Intel Core i7)[GeForce RTX 4050]",15.6,IPS,1920 x 1080,Intel Core i7,2.4,10 Core,,16,DDR4,512GB,Wi-Fi 6 (802.11 ax),Windows 11 Home,2.29,1 Year,,1299,https://www.jbhifi.com.au/products/victus-15-fa2364tx-15-6-full-hd-gaming-laptop-intel-core-i7geforce-rtx-4050
166,HP,"OmniBook X Flip 14"" WUXGA 2-in-1 Next Gen AI OLED Laptop (Intel Core Ultra 7)[512GB/Blue]",14.0,OLED,1920 x 1200,Intel Core Ultra 7,2.2,8 Core,Intel Arc 140V,32,LPDDR5,512GB,Wi-Fi 6E (802.11 ax),Windows 11 Home,1.38,1 Year,,1699,https://www.jbhifi.com.au/products/hp-omnibook-x-flip-14-wuxga-2-in-1-next-gen-ai-oled-laptop-intel-core-ultra-7512gb-blue
167,HP,"OmniBook X Flip 14"" 3K UWVA 2-in-1 OLED Laptop (Intel Core Ultra 7)[1TB]",14.0,UWVA,2880 x 1800,Intel Core Ultra 7,2.2,8 Core,,32,LPDDR5x,1TB,Wi-Fi 7 (802.11 be),Windows 11 Home,1.38,1 Year,,2899,https://www.jbhifi.com.au/products/hp-omnibook-x-flip-14-3k-uwva-2-in-1-oled-laptop-intel-core-ultra-71tb
168,Alienware,"16X Aurora 16"" WQXGA 240Hz Gaming Laptop (Intel Core Ultra 9)[GeForce RTX 5070]",16.0,,2560 x 1600,Intel Core Ultra 9,2.7,16 Core,,32,DDR5 SDRAM,1TB,Wi-Fi 7 (802.11 be),Windows 11 Home,2.66,1 Year,,3359,https://www.jbhifi.com.au/products/alienware-16x-aurora-16-wqxga-240hz-gaming-laptop-intel-core-ultra-9geforce-rtx-5070
169,HP,"OMEN MAX 16"" UWVA 2.5K 240Hz OLED Gaming Laptop (Intel Core Ultra 9)[GeForce RTX 5080]",16.0,OLED,2560x1600,Intel Core Ultra 9,2.7,24 Core,,32,DDR5,1TB,Wi-Fi 7 (802.11 be),Windows 11 Home,,1 Year,,5999,https://www.jbhifi.com.au/products/hp-omen-max-16-uwva-2-5k-240hz-oled-gaming-laptop-intel-core-ultra-9geforce-rtx-5080
170,Asus,"TUF F16 16"" FHD+ Gaming Laptop (Intel Core i7)[GeForce RTX 5050]",16.0,IPS,1920 x 1200,Intel Core i7,2.2,16 Core,,16,,1TB,Wi-Fi 6E (802.11 ax),Windows 11 Home,2.2,1 Year,,1889,https://www.jbhifi.com.au/products/asus-tuf-f16-16-fhd-gaming-laptop-intel-core-i7geforce-rtx-5050
171,ASUS,"Vivobook 16 16"" WUXGA Laptop (Copilot+ PC)[512GB]",16.0,IPS,1920 x 1200,Qualcomm Snapdragon,2.97,8 Core,Qualcomm® Adreno™ GPU,16,,512GB,Wi-Fi 6E (802.11 ax),Windows 11 Home,2.5,1 Year,,899,https://www.jbhifi.com.au/products/asus-vivobook-16-16-wuxga-laptop-copilot-pc512gb
172,Lenovo,"IdeaPad Slim 3x 15.3"" 2K Copilot+ PC Laptop (Snapdragon X)[512GB]",15.3,IPS,1920 x 1200,Qualcomm Snapdragon,,8 Core,Integrated Qualcomm® Adreno™ GPU,16,,512GB,Wi-Fi 6E (802.11 ax),Windows 11 Home,1.5,1 Year,,799,https://www.jbhifi.com.au/products/lenovo-ideapad-slim-3x-15-3-2k-copilot-pc-laptop-snapdragon-x512gb
173,ASUS,"Zenbook A14 14"" OLED Laptop (Copilot+ PC)[1TB]",14.0,OLED,1921 x 1200,Qualcomm Snapdragon,3.4,12 Core,Qualcomm® Adreno™ GPU,32,,1TB,Wi-Fi 7 (802.11 be),Windows 11 Home,0.98,1 Year,,1799,https://www.jbhifi.com.au/products/asus-zenbook-a14-14-oled-laptop-copilot-pc1tb
174,Lenovo,"Yoga 7 EVO 14"" 2.8K 2-in-1 Laptop (Intel Core Ultra 7)[1TB]",14.0,OLED,2880 x 1800,Intel Core Ultra 7,,16 Core,,32,,1TB,Wi-Fi 6E (802.11 ax),Windows 11 Home,1.49,1 Year,,2299,https://www.jbhifi.com.au/products/lenovo-yoga-7-evo-14-2-8k-2-in-1-laptop-intel-core-ultra-71tb
175,Apple,"MacBook Pro 16-inch with M4 Pro Chip, 512GB/48GB (Space Black)[2024]",16.2,,3456 x 2234,Apple M4 Pro,,,,48,,512GB,Wi-Fi 6E (802.11 ax),,3.48,,1 Year,4599,https://www.jbhifi.com.au/products/apple-macbook-pro-16-inch-with-m4-pro-chip-512gb-48gb-space-black2024
176,MSI,"Prestige 13 AI+ Evo 13.3"" 2.8K OLED Ultra-Lightweight Laptop (Intel Core Ultra 7) [1TB]",13.3,OLED,2880 x 1800,Intel Core Ultra 7,2.2,8 Core,Intel Arc graphics,32,,1TB,Wi-Fi 7 (802.11 be),Windows 11 Home,0.99,2 Years,,1899,https://www.jbhifi.com.au/products/msi-prestige-13-ai-evo-13-3-2-8k-oled-ultra-lightweight-laptop-intel-core-ultra-7-1tb
177,Microsoft,"Surface Laptop (7th Edition) Copilot+ PC 15"" Snapdragon X Elite 12 core/16GB/1TB (Platinum)",15.0,,2496 x 1664,Qualcomm Snapdragon,3.4,12 Core,Qualcomm® Adreno™ GPU,16,,1TB,Wi-Fi 7 (802.11 be),Windows 11 Home,1.66,1 Year,,2049,https://www.jbhifi.com.au/products/microsoft-surface-laptop-7th-edition-copilot-pc-15-snapdragon-x-elite-12-core-16gb-1tb-platinum
178,Microsoft,"Surface Laptop (7th Edition) Copilot+ PC 15"" Snapdragon X Elite 12 core/16GB/512GB (Platinum)",15.0,,2496 x 1664,Qualcomm Snapdragon,3.4,12 Core,Qualcomm® Adreno™ GPU,16,,512GB,Wi-Fi 7 (802.11 be),Windows 11 Home,1.66,1 Year,,1797,https://www.jbhifi.com.au/products/microsoft-surface-laptop-7th-edition-copilot-pc-15-snapdragon-x-elite-12-core-16gb-512gb-platinum
179,Microsoft,"Surface Laptop (7th Edition) Copilot+ PC 13.8"" Snapdragon X Elite 12 core/16GB/512GB (Sapphire)",13.8,,2304 x 1536,Qualcomm Snapdragon,3.4,12 Core,Qualcomm® Adreno™ GPU,16,,512GB,Wi-Fi 7 (802.11 be),Windows 11 Home,1.22,1 Year,,1699,https://www.jbhifi.com.au/products/microsoft-surface-laptop-7th-edition-copilot-pc-13-8-snapdragon-x-elite-12-core-16gb-512gb-sapphire
180,Microsoft,"Surface Pro (11th Edition) Copilot+ PC 13"" Snapdragon X Plus 10 core/16GB/512GB (Platinum)",13.0,Touchscreen: 13” PixelSense™ Flow Display,2880 x 1920,Qualcomm Snapdragon,3.4,10 Core,Integrated,16,,512GB,Wi-Fi 7 (802.11 be),Windows 11 Home,0.895,1 Year,,1499,https://www.jbhifi.com.au/products/microsoft-surface-pro-11th-edition-copilot-pc-13-snapdragon-x-plus-10-core-16gb-512gb-platinum
181,Microsoft,"Surface Laptop (7th Edition) Copilot+ PC 13.8"" Snapdragon X Elite 12 core/16GB/1TB (Sapphire)",13.8,,2304 x 1536,Qualcomm Snapdragon,3.4,12 Core,Qualcomm® Adreno™ GPU,16,,1TB,Wi-Fi 7 (802.11 be),Windows 11 Home,1.22,1 Year,,1899,https://www.jbhifi.com.au/products/microsoft-surface-laptop-7th-edition-copilot-pc-13-8-snapdragon-x-elite-12-core-16gb-1tb-sapphire
182,Dell,"Inspiron 14 5440 14"" WUXGA Laptop (Intel Core 5)[1TB]",14.0,LED,1920 x 1200,Intel Core 5,1.4,10 Core,Intel Graphics,16,DDR5 SDRAM,1TB,Wi-Fi 6 (802.11 ax),Windows 11 Home,1.56,1 Year,,1189,https://www.jbhifi.com.au/products/dell-inspiron-14-5440-14-wuxga-laptop-intel-core-51tb
183,Apple,"MacBook Pro 14-inch with M5 Chip, 1TB/24GB (Silver)",14.2,,3024 x 1964,Apple M5,,10 Core,10 Core GPU,24,,1TB,Wi-Fi 6E (802.11 ax),MacOS Sonoma,,1 Year,,3099,https://www.jbhifi.com.au/products/apple-macbook-pro-14-inch-with-m5-chip-1tb-24gb-silver
184,ASUS,"V16 16"" WUXGA 144Hz Gaming Laptop (Intel Core 7)[GeForce RTX 5050]",16.0,,1920 x 1200,Intel Core 7,2.5,10 Core,,32,,1TB,Wi-Fi 6 (802.11 ax),Windows 11 Home,1.95,1 Year,,1819,https://www.jbhifi.com.au/products/asus-v16-16-wuxga-144hz-gaming-laptop-intel-core-7geforce-rtx-5050
185,Apple,"MacBook Air 15-inch with M4 Chip, 512GB/24GB (Silver)",15.3,Liquid Retina LED-backlit display with IPS technology,2880 x 1864,Apple M4,,10 Core,10-core GPU,24,,512GB,Wi-Fi 6E (802.11 ax),MacOS Sequoia,,1 Year,,2399,https://www.jbhifi.com.au/products/apple-macbook-air-15-inch-with-m4-chip-512gb-24gb-silver
186,DELL,"XPS 13 9350 13.4"" 3K OLED Laptop (Intel Core Ultra 7)[1TB]",13.4,LED,2880 x 1800,Intel Core Ultra 7,2.2,8 Core,Intel ARC,32,LPDDR5X,1TB,Wi-Fi 7 (802.11 be),Windows 11 Home,1.18,1 Year,,2449,https://www.jbhifi.com.au/products/dell-xps-13-9350-13-4-3k-oled-laptop-intel-core-ultra-71tb
187,Apple,"MacBook Air 15-inch with M4 Chip, 512GB/16GB (Starlight)",15.3,Liquid Retina LED-backlit display with IPS technology,2880 x 1864,Apple M4,,10 Core,10-core GPU,16,,512GB,Wi-Fi 6E (802.11 ax),MacOS Sequoia,,1 Year,,2099,https://www.jbhifi.com.au/products/apple-macbook-air-15-inch-with-m4-chip-512gb-16gb-starlight
188,Apple,"MacBook Air 15-inch with M4 Chip, 512GB/16GB (Silver)",15.3,Liquid Retina LED-backlit display with IPS technology,2880 x 1864,Apple M4,,10 Core,10-core GPU,16,,512GB,Wi-Fi 6E (802.11 ax),MacOS Sequoia,,1 Year,,2099,https://www.jbhifi.com.au/products/apple-macbook-air-15-inch-with-m4-chip-512gb-16gb-silver
189,ASUS,"CX34 14"" Full HD Chromebook Laptop with Gemini (13th Gen Intel i5)[256GB]",14.0,,1920 x 1080,Intel Core i5,1.3,Deca Core,,8,,256GB,Wi-Fi 6E (802.11 ax),Google Chrome,1.43,1 Year,,599,https://www.jbhifi.com.au/products/asus-cx34-14-full-hd-chromebook-laptop-with-gemini-13th-gen-intel-i5256gb
190,Apple,"iMac with Retina 4.5K Display 24-inch, M4 Chip 10-core 512GB/24GB (Silver)[2024]",24.0,,4480 x 2520,Apple M4,,10 Core,10 core,24,,512GB,Wi-Fi 6E (802.11 ax),,,1 Year,,2877,https://www.jbhifi.com.au/products/apple-imac-with-retina-4-5k-display-24-inch-m4-chip-10-core-512gb-24gb-silver2024
191,Apple,"MacBook Pro 16-inch with M4 Max Chip, 1TB/48GB (Silver)[2024]",16.2,,3456 x 2234,Apple M4 Max,,,,48,,1TB,Wi-Fi 6E (802.11 ax),,,,1 Year,6177,https://www.jbhifi.com.au/products/apple-macbook-pro-16-inch-with-m4-max-chip-1tb-48gb-silver2024
192,Dell,"DB16255 16"" WUXGA Copilot+ PC Laptop (Ryzen AI 5)[512GB]",16.0,LED,1920 x 1200,AMD Ryzen AI 5,,6 Core,AMD Radeon Graphics,16,LPDDR5,512GB,Wi-Fi 7 (802.11 be),Windows 11 Home,1.83,1 Year,,1099,https://www.jbhifi.com.au/products/dell-db16255-16-wuxga-copilot-pc-laptop-ryzen-ai-5512gb
193,Victus,"15-fa2363TX 15.6"" Full HD Gaming Laptop (Intel Core i7)[GeForce RTX 3050]",15.6,IPS,1920 x 1080,Intel Core i7,2.4,10 Core,,16,DDR4,512GB,Wi-Fi 6 (802.11 ax),Windows 11 Home,2.29,1 Year,,999,https://www.jbhifi.com.au/products/victus-15-fa2363tx-15-6-full-hd-gaming-laptop-intel-core-i7geforce-rtx-3050
194,HP,"OmniBook 7 Aero 13.3"" WQXGA Next Gen AI Laptop (Ryzen AI 7)[1TB]",13.3,IPS,2560 x 1600,AMD Ryzen AI 7,2.0,8 Core,AMD Radeon™ 860M Graphics,32,LPDDR5,1TB,Wi-Fi 6E (802.11 ax),Windows 11 Home,1.0,1 Year,,2399,https://www.jbhifi.com.au/products/hp-omnibook-7-aero-13-3-wqxga-next-gen-ai-laptop-ryzen-ai-71tb
195,HP,"OmniBook X Flip 14"" WUXGA 2-in-1 Next Gen AI OLED Laptop (Intel Core Ultra 7)[512GB/Silver]",14.0,OLED,1920 x 1200,Intel Core Ultra 7,2.2,8 Core,Intel Arc 140V,32,LPDDR5,512GB,Wi-Fi 6E (802.11 ax),Windows 11 Home,1.38,1 Year,,1699,https://www.jbhifi.com.au/products/hp-omnibook-x-flip-14-wuxga-2-in-1-next-gen-ai-oled-laptop-intel-core-ultra-7512gb-silver
196,Lenovo,"Yoga 7i 14"" WUXGA OLED 2-in-1 Laptop (Intel Core Ultra 5)[512GB]",14.0,OLED,1920 x 1200,Intel Core Ultra 5,,8 Core,Integrated Intel® Arc™ Graphics 130V,16,,512GB,Wi-Fi 7 (802.11 be),Windows 11 Home,1.38,1 Year,,1448,https://www.jbhifi.com.au/products/lenovo-yoga-7i-14-wuxga-oled-2-in-1-laptop-intel-core-ultra-5512gb
197,MSI,"Venture 14 AI 14"" 2.8K OLED 120Hz Laptop (Core Ultra 5) [1TB]",14.0,OLED,2880 x 1800,Intel Core Ultra 5,2.5,14 Core,Intel Arc Graphics,32,DDR5,1TB,Wi-Fi 6E (802.11 ax),Windows 11 Home,1.7,1 Year,,1299,https://www.jbhifi.com.au/products/msi-venture-14-ai-14-2-8k-oled-120hz-laptop-core-ultra-5-1tb
198,Apple,"MacBook Pro 14-inch with M4 Chip, 512GB/16GB (Space Black/2024)[~Refurbished]",14.0,,3124 x 1964,Apple M4,,10 Core,10 core GPU,16,,512GB,Wi-Fi 6E (802.11 ax),MacOS Sequioa,,,,2249,https://www.jbhifi.com.au/products/apple-macbook-pro-14-inch-with-m4-chip-512gb-16gb-space-black-2024refurbished
199,MSI,"Modern 15 H AI 15.6"" FHD 60Hz Laptop (Intel Core Ultra 9) [1TB]",15.6,IPS-Level,1920x1080,Intel Core Ultra 9,2.0,16 Core,Intel Arc Graphics,16,DDR5,1TB,Wi-Fi 6E (802.11 ax),Windows 11 Home,1.9,1 Year,,1479,https://www.jbhifi.com.au/products/msi-modern-15-h-ai-15-6-fhd-60hz-laptop-intel-core-ultra-9-1tb
200,HP,"Laptop 14-em0202AU 14"" FHD Laptop (Athlon Silver)[256GB]",14.0,IPS,1920 x 1080,AMD Athlon,2.4,Dual Core,AMD Radeon™ Graphics,8,LPDDR5,256GB,Wi-Fi 6 (802.11 ax),Windows 11 Home S,1.4,1 Year,,749,https://www.jbhifi.com.au/products/hp-laptop-14-em0202au-14-fhd-laptop-athlon-silver256gb
201,Apple,"MacBook Pro 14-inch with M4 Pro Chip, 512GB/24GB (Silver)[2024]",14.0,,3124 x 1964,Apple M4 Pro,,12 Core,16 core GPU,24,,512GB,Wi-Fi 6E (802.11 ax),MacOS Sequioa,,1 Year,,3127,https://www.jbhifi.com.au/products/apple-macbook-pro-14-inch-with-m4-pro-chip-512gb-24gb-silver2024
202,Microsoft,"Surface Pro 5G (11th Edition) Copilot+ PC 13"" Snapdragon X Elite/16GB/512GB OLED(Platinum)",13.0,OLED,2880 x 1920,Qualcomm Snapdragon,3.4,12 Core,Integrated,16,,512GB,Wi-Fi 7 (802.11 be),Windows 11 Home,0.895,1 Year,,2299,https://www.jbhifi.com.au/products/microsoft-surface-pro-5g-11th-edition-copilot-pc-13-snapdragon-x-elite-16gb-512gb-oledplatinum
203,MSI,"Prestige 14 AI Studio 14"" FHD+ Laptop (Intel Core Ultra 7)[GeForce RTX 3050]",14.0,IPS,1920 x 1200,Intel Core Ultra 7,3.8,16 Core,,32,DDR5 SDRAM,2TB,Wi-Fi 7 (802.11 be),Windows 11 Home,1.7,1 Year,,2299,https://www.jbhifi.com.au/products/msi-prestige-14-ai-studio-14-fhd-laptop-intel-core-ultra-7geforce-rtx-3050
204,Lenovo,"Yoga Slim 7i Evo 14"" OLED WUXGA Laptop (Intel Core Ultra 7) [1TB/32GB]",14.0,OLED,1920 x 1200,Intel Core Ultra 7,1.4,16 Core,Integrated Intel Arc Graphics,32,DDR5 SDRAM,,Wi-Fi 6E (802.11 ax),Windows 11 Home,,1 Year,,1999,https://www.jbhifi.com.au/products/lenovo-yoga-slim-7i-evo-14-oled-wuxga-laptop-intel-core-ultra-7-1tb-32gb
205,Dell,"Inspiron 16 5645 16"" FHD+ Laptop with Built-In AI (Ryzen 7) [1TB]",16.0,LED,1920 x 1200,AMD Ryzen 7,3.3,8 Core,AMD Radeon Graphics,16,DDR5 SDRAM,16GB,Wi-Fi 6E (802.11 ax),Windows 11 Home,1.87,1 Year,,1329,https://www.jbhifi.com.au/products/dell-inspiron-16-5645-16-fhd-laptop-with-built-in-ai-ryzen-7-1tb
206,Lenovo,"Yoga 9 14"" 4K WQUXGA 2-in-1 OLED Laptop (Intel Core Ultra 7)[1TB/32GB]",14.0,OLED,3840 x 2400,Intel Core Ultra 7,,8 Core,Intel Arc graphics 140V,32,,1TB,Wi-Fi 7 (802.11 be),Windows 11 Home,1.32,1 Year,,2474,https://www.jbhifi.com.au/products/lenovo-yoga-9-14-4k-wquxga-2-in-1-oled-laptop-intel-core-ultra-71tb-32gb
207,Apple,"MacBook Air 15-inch with M4 Chip, 256GB/16GB (Starlight)",15.3,Liquid Retina LED-backlit display with IPS technology,2880 x 1864,Apple M4,,10 Core,10-core GPU,16,,256GB,Wi-Fi 6E (802.11 ax),MacOS Sequoia,,1 Year,,1799,https://www.jbhifi.com.au/products/apple-macbook-air-15-inch-with-m4-chip-256gb-16gb-starlight
208,Apple,"MacBook Pro 16-inch with M4 Pro Chip, 512GB/24GB (Silver)[2024]",16.2,,3456 x 2234,Apple M4 Pro,,,,24,,512GB,Wi-Fi 6E (802.11 ax),,,,1 Year,3877,https://www.jbhifi.com.au/products/apple-macbook-pro-16-inch-with-m4-pro-chip-512gb-24gb-silver2024
209,HP,"OmniBook 5 NG AI PC 16-fb0006QU 16"" WUXGA OLED Laptop (Snapdragon X1)[512GB]",16.0,OLED,1920 x 1200,Qualcomm Snapdragon,2.98,8 Core,Qualcomm Adreno GPU,16,LPDDR5,512GB,Wi-Fi 6E (802.11 ax),Windows 11 Home,1.59,1 Year,,1097,https://www.jbhifi.com.au/products/hp-omnibook-5-ng-ai-pc-16-fb0006qu-16-wuxga-oled-laptop-snapdragon-x1512gb
210,Lenovo,"IdeaPad Slim 5 16"" 3K 120Hz OLED Laptop (Intel Core Ultra 5)[512GB]",16.0,OLED,2880 x 1800,Intel Core Ultra 5,,14 Core,,24,,512GB,Wi-Fi 6 (802.11 ax),Windows 11 Home,1.69,1 Year,,1899,https://www.jbhifi.com.au/products/lenovo-ideapad-slim-5-16-3k-120hz-oled-laptop-intel-core-ultra-5512gb
211,HP,"OmniBook X Flip 14"" WUXGA 2-in-1 Next Gen AI OLED Laptop (Intel Core Ultra 5)[512GB/Blue]",14.0,OLED,1920 x 1200,Intel Core Ultra 5,2.1,8 Core,Intel Arc 130V,16,LPDDR5,512GB,Wi-Fi 6E (802.11 ax),Windows 11 Home,1.38,1 Year,,1399,https://www.jbhifi.com.au/products/hp-omnibook-x-flip-14-wuxga-2-in-1-next-gen-ai-oled-laptop-intel-core-ultra-5512gb-blue
212,Lenovo,"Legion Pro 7 16IAX10H 16"" WQXGA 240Hz OLED Gaming Laptop (Intel Core Ultra 9)[GeForce RTX 5070 Ti]",16.0,OLED,2560 x 1600,Intel Core Ultra 9,,24 Core,NVIDIA GeForce RTX 5070 Ti,32,DDR5-6400 SDRAM,1TB,Wi-Fi 7 (802.11 be),Windows 11 Home,2.62,1 Year,,3799,https://www.jbhifi.com.au/products/lenovo-legion-pro-7-16iax10h-16-wqxga-240hz-oled-gaming-laptop-intel-core-ultra-9geforce-rtx-5070-ti
213,MSI,"Modern 14 14"" FHD Laptop (Intel Core 7) [512GB]",14.0,IPS-Level,1920 x 1080,Intel Core 7,1.8,10 Core,Intel Graphics,16,DDR4,512GB,Wi-Fi 6E (802.11 ax),Windows 11 Home,1.58,1 Year,,949,https://www.jbhifi.com.au/products/msi-modern-14-14-fhd-laptop-intel-core-7-512gb
214,Microsoft,"Surface Laptop (7th Edition) Copilot+ PC 13.8"" Snapdragon X Elite 12 core/16GB/512GB (Dune)",13.8,,2304 x 1536,Qualcomm Snapdragon,3.4,12 Core,Qualcomm® Adreno™ GPU,16,,512GB,Wi-Fi 7 (802.11 be),Windows 11 Home,1.22,1 Year,,1699,https://www.jbhifi.com.au/products/microsoft-surface-laptop-7th-edition-copilot-pc-13-8-snapdragon-x-elite-12-core-16gb-512gb-dune
215,HP,"Envy x360 14-fc0025TU EVO 14"" FHD+ 2-in-1 Laptop (Intel Core Ultra 7)[512GB]",14.0,IPS,1920 x 1200,Intel Core Ultra 7,3.8,12 Core,Intel® Graphics,16,LPDDR5,512GB,Wi-Fi 7 (802.11 be),Windows 11 Home,1.39,1 Year,,2599,https://www.jbhifi.com.au/products/hp-envy-x360-14-fc0025tu-evo-14-fhd-2-in-1-laptop-intel-core-ultra-7512gb
216,Apple,"MacBook Air 15-inch with M3 chip, 10-core GPU 512GB/16GB (Starlight) [2024]",15.3,Liquid Retina,2880 x 1864,Apple M3,,8 Core,,16,,512GB,Wi-Fi 6E (802.11 ax),MacOS Sonoma,,1 Year,,2197,https://www.jbhifi.com.au/products/apple-macbook-air-15-inch-with-m3-chip-10-core-gpu-512gb-16gb-starlight-2024
217,Apple,"MacBook Air 15-inch with M3 chip, 10-core GPU 512GB/8GB (Space Grey) [2024]",15.3,Liquid Retina,2880 x 1864,Apple M3,,8 Core,,8,,512GB,Wi-Fi 6E (802.11 ax),MacOS Sonoma,,1 Year,,1994,https://www.jbhifi.com.au/products/apple-macbook-air-15-inch-with-m3-chip-10-core-gpu-512gb-8gb-space-grey-2024-1
218,Alienware,"16 Aurora 16"" WQXGA 120Hz Gaming Laptop (Intel Core 7)[GeForce RTX 5050]",16.0,,2560 x 1600,Intel Core 7,2.5,10 Core,,16,DDR5 SDRAM,512GB,Wi-Fi 7 (802.11 be),Windows 11 Home,2.57,1 Year,,1679,https://www.jbhifi.com.au/products/alienware-16-aurora-16-wqxga-120hz-gaming-laptop-intel-core-7geforce-rtx-5050
219,Dell,"DC14250 14"" WUXGA Laptop (Intel Core 5)[1TB]",14.0,LCD,1920 x 1200,Intel Core 5,1.4,10 Core,Intel Graphics,16,DDR5 SDRAM,1TB,Wi-Fi 6E (802.11 ax),Windows 11 Home,,1 Year,,1189,https://www.jbhifi.com.au/products/dell-dc14250-14-wuxga-laptop-intel-core-51tb
220,MSI,"Katana 15 HX 15.6"" QHD 165Hz Gaming Laptop (Intel Core i7) [GeForce RTX 5060]",15.6,IPS-Level,2560 x 1440,Intel Core i7,2.2,16 Core,NVIDIA GeForce RTX 5060,16,DDR5,1TB,Wi-Fi 6E (802.11 ax),Windows 11 Home,2.35,1 Year,,2599,https://www.jbhifi.com.au/products/msi-katana-15-hx-15-6-qhd-165hz-gaming-laptop-intel-core-i7-geforce-rtx-5060
221,MSI,"Crosshair 16 HX AI 16"" QHD+ 240Hz Gaming Laptop (Intel Core Ultra 9) [GeForce RTX 5060]",16.0,IPS-Level,2560 x 1600,Intel Core Ultra 9,2.7,24 Core,,16,DDR5,1TB,Wi-Fi 6E (802.11 ax),Windows 11 Home,2.5,1 Year,,2499,https://www.jbhifi.com.au/products/msi-crosshair-16-hx-ai-16-qhd-240hz-gaming-laptop-intel-core-ultra-9-geforce-rtx-5060
222,HP,"OMEN Max 16"" UWVA 2.5K 240Hz OLED Gaming Laptop (Intel Core Ultra 7)[GeForce RTX 5070 Ti]",16.0,OLED,2560x1600,Intel Core Ultra 7,2.4,20 Core,Nvidia GeForce RTX 5070 Ti,32,DDR5,1TB,Wi-Fi 7 (802.11 be),Windows 11 Home,2.68,1 Year,,3499,https://www.jbhifi.com.au/products/hp-omen-max-16-uwva-2-5k-240hz-oled-gaming-laptop-intel-core-ultra-7geforce-rtx-5070-ti
223,ASUS,"Vivobook S16 16"" WQXGA Laptop (Copilot+ PC)[512GB]",16.0,IPS,2560 x 1600,Qualcomm Snapdragon,2.97,8 Core,Qualcomm® Adreno™ GPU,16,,512GB,Wi-Fi 6E (802.11 ax),Windows 11 Home,3.4,1 Year,,1199,https://www.jbhifi.com.au/products/asus-vivobook-s16-16-wqxga-laptop-copilot-pc512gb
224,Asus,"Vivobook 14 Flip 14"" WUXGA OLED 2-in-1 Laptop (Intel Core Ultra 5) [1TB]",14.0,OLED,1920 x 1200,Intel Core Ultra 5,4.5,8 Core,Intel® Arc™ Graphics,16,,1TB,Wi-Fi 7 (802.11 be),Windows 11 Home,1.57,1 Year,,1599,https://www.jbhifi.com.au/products/asus-vivobook-14-flip-14-wuxga-oled-2-in-1-laptop-intel-core-ultra-5-1tb
225,Microsoft,"Surface Laptop (7th Edition) Copilot+ PC 13.8"" Snapdragon X Plus 10 core/16GB/1TB (Black)",13.8,,2304 x 1536,Qualcomm Snapdragon,3.4,10 Core,Qualcomm® Adreno™ GPU,16,,1TB,Wi-Fi 7 (802.11 be),Windows 11 Home,1.22,1 Year,,1729,https://www.jbhifi.com.au/products/microsoft-surface-laptop-7th-edition-copilot-pc-13-8-snapdragon-x-plus-10-core-16gb-1tb-black
226,Asus,"Zenbook Duo EVO 14"" 3K OLED Laptop (1TB)[Intel Core Ultra 9]",14.0,OLED,2880 x 1800,Intel Core Ultra 9,2.9,16 Core,,32,,1TB,Wi-Fi 7 (802.11 be),Windows 11 Home,1.65,1 Year,,2999,https://www.jbhifi.com.au/products/asus-zenbook-duo-evo-14-3k-oled-laptop-1tbintel-core-ultra-9
227,MSI,"Titan 18 HX AI 18"" UHD+ MiniLED 120Hz Gaming Laptop (Intel Core Ultra 9) [GeForce RTX 5090]",18.0,IPS-Level,3840 x 2400,Intel Core Ultra 9,2.8,24 Core,,64,DDR5,6TB,Wi-Fi 7 (802.11 be),Windows 11 Pro,3.6,2 Years,,7999,https://www.jbhifi.com.au/products/msi-titan-18-hx-ai-18-uhd-miniled-120hz-gaming-laptop-intel-core-ultra-9-geforce-rtx-5090-1
228,ASUS,"ROG Zephyrus G16 16"" 2.5K 240Hz OLED Nebula Gaming Laptop (Intel Core Ultra 9)[GeForce RTX 5070 Ti]",16.0,OLED,2560x1600,Intel Core Ultra 9,2.9,16 Core,NVIDIA GeForce RTX 5070 Ti,32,LPDDR5,,Wi-Fi 7 (802.11 be),Windows 11 Home,1.95,1 Year,,4129,https://www.jbhifi.com.au/products/asus-rog-zephyrus-g16-16-2-5k-240hz-oled-nebula-gaming-laptop-intel-core-ultra-9geforce-rtx-5070-ti
229,HP,"OmniBook X 14"" WQXGA Laptop (Snapdragon X Plus)[512GB]",14.0,IPS,2240x1400,Qualcomm Snapdragon,3.2,8 Core,Qualcomm® Adreno™ GPU,16,LPDDR5,512GB,Wi-Fi 7 (802.11 be),Windows 11 Home,1.34,1 Year,,1799,https://www.jbhifi.com.au/products/hp-omnibook-x-14-wqxga-laptop-snapdragon-x-plus512gb
230,MSI,"Katana 15 15.6"" FHD 144Hz Gaming Laptop (Intel Core i5) [GeForce RTX 3050]",15.6,IPS,1920 x 1080,Intel Core i5,2.1,8 Core,,16,DDR5 SDRAM,512GB,Wi-Fi 6E (802.11 ax),Windows 11 Home,2.25,1 Year,,1199,https://www.jbhifi.com.au/products/msi-katana-15-15-6-fhd-144hz-gaming-laptop-intel-core-i5-geforce-rtx-3050
231,MSI,"Modern 15 H AI 15.6"" FHD Lifestyle Laptop (Intel Core Ultra 5) [512GB SSD]",15.6,IPS,1920 x 1080,Intel Core Ultra 5,3.6,14 Core,Intel Arc,16,DDR5 SDRAM,512GB,Wi-Fi 6E (802.11 ax),Windows 11 Home,1.9,1 Year,,999,https://www.jbhifi.com.au/products/msi-modern-15-h-ai-15-6-fhd-lifestyle-laptop-intel-core-ultra-5-512gb-ssd
232,ASUS,"CX34 14"" FHD Chromebook Laptop with Gemini (Intel Core i5)[256GB]",14.0,,1920 x 1080,Intel Core i5,1.3,10 Core,Intel UHD graphics,8,,256GB,Wi-Fi 6 (802.11 ax),Google Chrome,,1 Year,,599,https://www.jbhifi.com.au/products/asus-cx34-14-fhd-chromebook-laptop-with-gemini-intel-core-i5256gb
233,MSI,"Summit E16 AI Studio 16"" QHD+ 2-in-1 Laptop (Intel Core Ultra 7)[2TB] [GeForce RTX 4060]",16.0,IPS,2560 x 1600,Intel Core Ultra 7,1.4,16 Core,,32,DDR5 SDRAM,2TB,Wi-Fi 7 (802.11 be),Windows 11 Home,2.1,1 Year,,2799,https://www.jbhifi.com.au/products/msi-summit-e16-ai-studio-16-qhd-2-in-1-laptop-intel-core-ultra-72tb-geforce-rtx-4060
234,Lenovo,"11e Yoga 5th Gen 11.6""/Touch/ Intel Celeron N4120/4GB/256GB SSD/ Pen /W10P National Academic",11.6,,1366 x 768,Intel Core Celeron,,Quad Core,Intel UHD 600,4,,256GB,Wi-Fi 5 (802.11 ac),Windows 10 Pro,1.36,1 Year,,718,https://www.jbhifi.com.au/products/lenovo-11e-yoga-5th-gen-11-6-touch-intel-celeron-n4120-4gb-256gb-ssd-pen-w10p-national-academic
235,Dell,"DC14250 14"" WUXGA Laptop (Intel Core 7)[1TB]",14.0,LCD,1920 x 1200,Intel Core 7,1.8,10 Core,Intel Graphics,16,DDR5 SDRAM,1TB,Wi-Fi 6E (802.11 ax),Windows 11 Home,,1 Year,,1329,https://www.jbhifi.com.au/products/dell-dc14250-14-wuxga-laptop-intel-core-71tb
236,Lenovo,"Yoga Slim 7i 14"" WUXGA OLED Laptop (Intel Core Ultra 5)[1TB]",14.0,OLED,1920 x 1200,Intel Core Ultra 5,,16 Core,Integrated Intel Arc Graphics,32,DDR5 SDRAM,1TB,Wi-Fi 6E (802.11 ax),Windows 11 Home,1.39,1 Year,,1499,https://www.jbhifi.com.au/products/lenovo-yoga-slim-7i-14-wuxga-oled-laptop-intel-core-ultra-51tb
237,Lenovo,"Legion Pro 7 16IAX10H 16"" WQXGA 240Hz OLED Gaming Laptop (Intel Core Ultra 9)[GeForce RTX 5080]",16.0,OLED,2560 x 1600,Intel Core Ultra 9,,24 Core,NVIDIA GeForce RTX 5080,32,DDR5-5600 SDRAM,1TB,Wi-Fi 7 (802.11 be),Windows 11 Home,,1 Year,,4699,https://www.jbhifi.com.au/products/lenovo-legion-pro-7-16iax10h-16-wqxga-240hz-oled-gaming-laptop-intel-core-ultra-9geforce-rtx-5080
238,Alienware,"Area-51 18"" WQXGA 300Hz Gaming Laptop (Intel Core Ultra 9)[GeForce RTX 5090]",18.0,LED,2560 x 1600,Intel Core Ultra 9,2.7,24 Core,,64,DDR5 SDRAM,2TB,Wi-Fi 7 (802.11 be),Windows 11 Home,4.34,1 Year,,6789,https://www.jbhifi.com.au/products/alienware-area-51-18-wqxga-300hz-gaming-laptop-intel-core-ultra-9geforce-rtx-5090
239,MSI,"Vector A18 HX 18"" QHD+ MiniLED 240Hz Gaming Laptop (Ryzen 9) [GeForce RTX 5080]",18.0,Mini LED,2560x1600,AMD Ryzen 9,2.5,16 Core,NVIDIA GeForce RTX 5080,32,DDR5,2TB,Wi-Fi 7 (802.11 be),Windows 11 Home,3.6,2 Years,,4299,https://www.jbhifi.com.au/products/msi-vector-a18-hx-18-qhd-miniled-240hz-gaming-laptop-ryzen-9-geforce-rtx-5080
240,ASUS,"ROG Strix G16 16"" 2.5K 240Hz Nebula Gaming Laptop (Intel Core Ultra 9) [GeForce RTX 5070Ti]",16.0,IPS,2560x1600,Intel Core Ultra 9,2.7,24 Core,NVIDIA GeForce RTX 5070 Ti,32,DDR5 SDRAM,2TB,Wi-Fi 7 (802.11 be),Windows 11 Home,2.73,1 Year,,3709,https://www.jbhifi.com.au/products/asus-rog-strix-g16-16-2-5k-240hz-nebula-gaming-laptop-intel-core-ultra-9-geforce-rtx-5070ti
241,MSI,"Summit 13 AI+ Evo 13.3"" FHD+ 2-in-1 Laptop (Intel Core Ultra 7) [1TB]",13.3,IPS,1920 x 1200,Intel Core Ultra 7,2.2,8 Core,Intel Arc graphics,32,,1TB,Wi-Fi 7 (802.11 be),Windows 11 Home,,1 Year,,1999,https://www.jbhifi.com.au/products/msi-summit-13-ai-evo-13-3-fhd-2-in-1-laptop-intel-core-ultra-7-1tb
242,HP,"OMEN 16-am0118TX 16"" WUXGA 165Hz Gaming Laptop (Intel Core i7)[GeForce RTX 5050]",16.0,IPS,1920 x 1200,Intel Core i7,2.2,16 Core,,16,DDR5 SDRAM,512GB,Wi-Fi 6E (802.11 ax),Windows 11 Home,2.43,1 Year,,1799,https://www.jbhifi.com.au/products/hp-omen-16-am0118tx-16-wuxga-165hz-gaming-laptop-intel-core-i7geforce-rtx-5050
243,Apple,"MacBook Pro 16-inch with M4 Max Chip, 1TB/36GB (Space Black)[2024]",16.2,,3456 x 2234,Apple M4 Max,,,,36,,1TB,Wi-Fi 6E (802.11 ax),,,,1 Year,5477,https://www.jbhifi.com.au/products/apple-macbook-pro-16-inch-with-m4-max-chip-1tb-36gb-space-black2024
244,Microsoft,"Surface Pro (11th Edition) Copilot+ PC 13"" Snapdragon X Elite 12 core/16GB/512GB OLED (Sapphire)",13.0,Touchscreen: 13” PixelSense™ Flow Display OLED,2880 x 1920,Qualcomm Snapdragon,3.4,12 Core,Integrated,16,,512GB,Wi-Fi 7 (802.11 be),Windows 11 Home,0.895,1 Year,,1849,https://www.jbhifi.com.au/products/microsoft-surface-pro-11th-edition-copilot-pc-13-snapdragon-x-elite-12-core-16gb-512gb-oled-sapphire
245,Apple,"MacBook Air 15-inch with M3 chip, 10-core GPU 512GB/16GB (Midnight) [2024]",15.3,Liquid Retina,2880 x 1864,Apple M3,,8 Core,,16,,512GB,Wi-Fi 6E (802.11 ax),MacOS Sonoma,,1 Year,,2197,https://www.jbhifi.com.au/products/apple-macbook-air-15-inch-with-m3-chip-10-core-gpu-512gb-16gb-midnight-2024
246,Asus,"Zenbook EVO 14"" 3K OLED Laptop (1TB) [Intel Core Ultra 7 155H]",14.0,OLED,2880 x 1800,Intel Core Ultra 7,1.4,16 Core,Intel® Arc™ Graphics,16,DDR5 SDRAM,1TB,Wi-Fi 6E (802.11 ax),Windows 11 Home,1.28,1 Year,,1874,https://www.jbhifi.com.au/products/asus-zenbook-evo-14-3k-oled-laptop-1tb-intel-core-ultra-7-155h
247,Apple,"MacBook Air 13-inch with M3 Chip, 10-core GPU, 512GB/8GB (Silver)[2024]",13.6,Liquid Retina,2560 x 1664,Apple M3,,8 Core,,8,,512GB,Wi-Fi 6E (802.11 ax),MacOS Sonoma,,1 Year,,1744,https://www.jbhifi.com.au/products/apple-macbook-air-13-inch-with-m3-chip-10-core-gpu-512gb-8gb-silver2024
248,HP,"15s-fq5213TU 15.6"" Full HD Laptop (Intel i7)[512GB]",15.6,,1920 x 1080,Intel Core i7,2.2,10 Core,Intel® Iris® Xᵉ Graphics,8,DDR4 SDRAM,512GB,Wi-Fi 5 (802.11 ac),Windows 11 Home S,1.69,1 Year,,898,https://www.jbhifi.com.au/products/hp-15s-fq5213tu-15-6-full-hd-laptop-intel-i7512gb
249,Lenovo,"Yoga 9 14"" WQXGA+ 120Hz 2-in-1 OLED Laptop (Intel Core Ultra 7)[1TB/16GB]",14.0,OLED,2880 x 1800,Intel Core Ultra 7,,8 Core,Intel Arc graphics 140V,16,,1TB,Wi-Fi 7 (802.11 be),Windows 11 Home,,1 Year,,3099,https://www.jbhifi.com.au/products/lenovo-yoga-9-14-wqxga-120hz-2-in-1-oled-laptop-intel-core-ultra-71tb-16gb
250,ASUS,"ROG Strix G16 16"" FHD+ 165Hz Gaming Laptop (Intel Core Ultra 7)[GeForce RTX 5060]",16.0,IPS,1920 x 1200,Intel Core Ultra 7,2.4,20 Core,,16,,1TB,Wi-Fi 7 (802.11 be),Windows 11 Home,2.65,1 Year,,2729,https://www.jbhifi.com.au/products/asus-rog-strix-g16-16-fhd-165hz-gaming-laptop-intel-core-ultra-7geforce-rtx-5060
251,HP,"OmniBook 5 NG AI PC 16-fb0003QU 16"" WUXGA OLED Touch Laptop (Snapdragon X Plus)[512GB]",16.0,OLED,1920 x 1200,Qualcomm Snapdragon,3.2,8 Core,Qualcomm Adreno GPU,32,LPDDR5,512GB,Wi-Fi 6E (802.11 ax),Windows 11 Home,1.59,1 Year,,1599,https://www.jbhifi.com.au/products/hp-omnibook-5-ng-ai-pc-16-fb0003qu-16-wuxga-oled-touch-laptop-snapdragon-x-plus512gb
252,HP,OmniBook X Flip WUXGA 2-in-1 Next Gen AI OLED Laptop (Intel Core Ultra 5)[512GB/Silver],14.0,OLED,1920 x 1200,Intel Core Ultra 5,2.1,8 Core,Intel Arc 140V,16,LPDDR5,512GB,Wi-Fi 6E (802.11 ax),Windows 11 Home,1.38,1 Year,,1399,https://www.jbhifi.com.au/products/hp-omnibook-x-flip-wuxga-2-in-1-next-gen-ai-oled-laptop-intel-core-ultra-5512gb-silver
253,Lenovo,"Legion 9i 18"" WQUXGA 240Hz Gaming Laptop (Intel Core Ultra 9)[GeForce RTX 5080]",18.0,IPS,3840 x 2160,Intel Core Ultra 9,,24 Core,RTX 5080,64,DDR5 SDRAM,2TB,Wi-Fi 7 (802.11 be),Windows 11 Home,3.75,1 Year,,6999,https://www.jbhifi.com.au/products/lenovo-legion-9i-18-wquxga-240hz-gaming-laptop-intel-core-ultra-9geforce-rtx-5080
254,Alienware,"Area-51 16"" WQXGA 240Hz Gaming Laptop (Intel Core Ultra 9)[GeForce RTX 5090]",16.0,LED,2560 x 1600,Intel Core Ultra 9,2.7,24 Core,,64,DDR5 SDRAM,2TB,Wi-Fi 7 (802.11 be),Windows 11 Home,3.4,1 Year,,5949,https://www.jbhifi.com.au/products/alienware-area-51-16-wqxga-240hz-gaming-laptop-intel-core-ultra-9geforce-rtx-5090
255,Alienware,"16X Aurora 16"" WQXGA 240Hz Gaming Laptop (Intel Core Ultra 7)[GeForce RTX 5060]",16.0,,2560 x 1600,Intel Core Ultra 7,2.4,12 Core,,16,DDR5 SDRAM,1TB,Wi-Fi 7 (802.11 be),Windows 11 Home,2.66,1 Year,,2729,https://www.jbhifi.com.au/products/alienware-16x-aurora-16-wqxga-240hz-gaming-laptop-intel-core-ultra-7geforce-rtx-5060
256,MSI,"Stealth 16 AI 16"" QHD+ OLED 240Hz Gaming Laptop (Intel Core Ultra 9)[GeForce RTX 5060]",16.0,IPS-Level,2560 x 1600,Intel Core Ultra 9,2.7,16 Core,,32,DDR5,1TB,Wi-Fi 7 (802.11 be),Windows 11 Home,2.1,2 Years,,3299,https://www.jbhifi.com.au/products/msi-stealth-16-ai-16-qhd-oled-240hz-gaming-laptop-intel-core-ultra-9geforce-rtx-5060
257,Asus,"Vivobook 14 Flip 14"" WUXGA OLED 2-in-1 Laptop (Intel Core Ultra 7) [1TB]",14.0,OLED,1920 x 1200,Intel Core Ultra 7,2.2,8 Core,Intel® Arc™ Graphics,16,,,Wi-Fi 7 (802.11 be),Windows 11 Home,1.57,1 Year,,2249,https://www.jbhifi.com.au/products/asus-vivobook-14-flip-14-wuxga-oled-2-in-1-laptop-intel-core-ultra-7-1tb
258,MSI,"Summit 16 16"" QHD+ 165Hz Laptop (Core Ultra 7) [1TB]",16.0,IPS-Level,2560 x 1600,Intel Core Ultra 7,2.5,16 Core,Intel Arc Graphics,32,LPDDR5,1TB,Wi-Fi 7 (802.11 be),Windows 11 Home,2.1,2 Years,,2199,https://www.jbhifi.com.au/products/msi-summit-16-16-qhd-165hz-laptop-core-ultra-7-1tb
259,MSI,"Prestige A16 AI+ 16"" UHD+ OLED Laptop (Ryzen 9) [1TB]",16.0,"IPS-Level, OLED",3840x2400,AMD Ryzen 9,2.0,10 Core,AMD Radeon™ Graphics,32,LPDDR5x,1TB,Wi-Fi 7 (802.11 be),Windows 11 Home,1.9,2 Years,,2199,https://www.jbhifi.com.au/products/msi-prestige-a16-ai-16-uhd-oled-laptop-ryzen-9-1tb
260,HP,"OmniBook Ultra Flip 14"" OLED Laptop (Intel® Core™ Ultra 7 / 16GB)",14.0,OLED,2880x1800,Intel® Core™ Ultra 7,2.2,8 Core,Intel® Arc™ Graphics,16,LPDDR5,1TB,Yes,Windows 11 Home,,1 Year,,2699,https://www.jbhifi.com.au/products/hp-omnibook-ultra-flip-14-oled-laptop-intel-core-ultra-7-16gb
261,Microsoft,"Surface Pro (11th Edition) Copilot+ PC 13"" Snapdragon X Elite 12 core/16GB/1TB OLED (Sapphire)",13.0,Touchscreen: 13” PixelSense™ Flow Display OLED,2880 x 1920,Qualcomm Snapdragon,3.4,12 Core,Integrated,16,,1TB,Wi-Fi 7 (802.11 be),Windows 11 Home,0.895,1 Year,,2049,https://www.jbhifi.com.au/products/microsoft-surface-pro-11th-edition-copilot-pc-13-snapdragon-x-elite-12-core-16gb-1tb-oled-sapphire
262,MSI,"Modern 15 H AI 15.6"" FHD 60Hz Laptop (Intel Core Ultra 7) [1TB]",15.6,IPS-Level,1920 x 1080,Intel Core Ultra 7,2.5,16 Core,Intel Arc Graphics,16,DDR5,1TB,Wi-Fi 6E (802.11 ax),Windows 11 Home,1.9,1 Year,,1399,https://www.jbhifi.com.au/products/msi-modern-15-h-ai-15-6-fhd-60hz-laptop-intel-core-ultra-7-1tb
263,HP,"Victus 15-fa2721TX 15.6"" FHD 144Hz Gaming Laptop (Intel Core i5)[GeForce RTX 2050]",15.6,IPS,1920 x 1080,Intel Core i5,2.1,8 Core,Intel UHD,16,DDR4,512GB,Wi-Fi 6 (802.11 ax),Windows 11 Home,2.29,1 Year,,1599,https://www.jbhifi.com.au/products/hp-victus-15-fa2721tx-15-6-fhd-144hz-gaming-laptop-intel-core-i5geforce-rtx-2050
264,Apple,"MacBook Pro 14-inch with M4 Pro Chip, 1TB/24GB (Silver)[2024]",14.0,,3124 x 1964,Apple M4 Pro,,14 Core,20 core GPU,24,,1TB,Wi-Fi 6E (802.11 ax),MacOS Sequioa,,1 Year,,3877,https://www.jbhifi.com.au/products/apple-macbook-pro-14-inch-with-m4-pro-chip-1tb-24gb-silver2024
265,MSI,"Stealth 18 AI Studio 18"" UHD+ MiniLED 120Hz Gaming Laptop (Intel Core Ultra 9)[GeForce RTX 4090]",18.0,IPS,3840 x 2400,Intel Core Ultra 9,2.3,16 Core,,64,DDR5 SDRAM,2TB,Wi-Fi 7 (802.11 be),Windows 11 Pro,2.89,2 Years,,5499,https://www.jbhifi.com.au/products/msi-stealth-18-ai-studio-18-uhd-miniled-120hz-gaming-laptop-intel-core-ultra-9geforce-rtx-4090
266,Apple,"MacBook Air 15-inch with M3 chip, 10-core GPU 512GB/16GB (Space Grey)[2024]",15.3,Liquid Retina,2880 x 1864,Apple M3,,8 Core,,16,,512GB,Wi-Fi 6E (802.11 ax),MacOS Sonoma,,1 Year,,2197,https://www.jbhifi.com.au/products/apple-macbook-air-15-inch-with-m3-chip-10-core-gpu-512gb-16gb-space-grey2024
267,Leader,"Minecraft 14"" HD Laptop (Intel Celeron)[128GB]",14.0,TN,1366 x 768,Intel Core Celeron,1.1,Dual Core,Intel® UHD Graphics 600,4,,128GB,Wi-Fi 5 (802.11 ac),Windows 11 Home,1.26,1 Year,,379,https://www.jbhifi.com.au/products/leader-minecraft-14-hd-laptop-intel-celeron128gb
268,Lenovo,"Yoga Slim 9i 14"" 4K OLED Laptop (Intel Core Ultra 7)[1TB]",14.0,OLED,3840 x 2400,Intel Core Ultra 7,,8 Core,Integrated Intel Arc Graphics 140V,32,,1TB,Wi-Fi 7 (802.11 be),Windows 11 Home,1.23,1 Year,,3999,https://www.jbhifi.com.au/products/lenovo-yoga-slim-9i-14-4k-oled-laptop-intel-core-ultra-71tb
269,Alienware,"Area51 16"" WQXGA 240Hz Gaming Laptop (Intel Core Ultra 9)[GeForce RTX 5080]",16.0,LED,2560 x 1600,Intel Core Ultra 9,2.7,24 Core,,32,DDR5 SDRAM,2TB,Wi-Fi 7 (802.11 be),Windows 11 Home,3.4,1 Year,,4759,https://www.jbhifi.com.au/products/alienware-area51-16-wqxga-240hz-gaming-laptop-intel-core-ultra-9geforce-rtx-5080
270,MSI,"Prestige 16 AI+ 16"" UHD+ OLED Next level AI Laptop (Intel Core Ultra 7) [1TB]",16.0,OLED,3840 x 2400,Intel Core Ultra 7,2.2,8 Core,Intel Arc Graphics,32,LPDDR5x,1TB,Wi-Fi 7 (802.11 be),Windows 11 Home,1.5,1 Year,,2199,https://www.jbhifi.com.au/products/msi-prestige-16-ai-16-uhd-oled-next-level-ai-laptop-intel-core-ultra-7-1tb
271,ASUS,"ROG Strix G16 16"" WUXGA 165Hz Gaming Laptop (AMD Ryzen 9) [GeForce RTX 5060]",16.0,IPS,1920 x 1200,AMD Ryzen 9,2.4,16 Core,,32,,1TB,Wi-Fi 6E (802.11 ax),Windows 11 Home,2.5,1 Year,,2519,https://www.jbhifi.com.au/products/asus-rog-strix-g16-16-wuxga-165hz-gaming-laptop-amd-ryzen-9-geforce-rtx-5060
272,Apple,"MacBook Pro 14-inch with M4 Max Chip, 1TB/36GB (Silver)[2024]",14.0,,3124 x 1964,Apple M4 Max,,14 Core,32 core GPU,36,,1TB,Wi-Fi 6E (802.11 ax),MacOS Sequioa,,1 Year,,4767,https://www.jbhifi.com.au/products/apple-macbook-pro-14-inch-with-m4-max-chip-1tb-36gb-silver2024
273,Asus,"ZenBook S 13 EVO 13"" 2.8K OLED Ultra-Lightweight Laptop (Intel Core Ultra 7)[1TB]",13.3,OLED,2880 x 1800,Intel Core Ultra 7,1.7,12 Core,,32,DDR5 SDRAM,1TB,Wi-Fi 6E (802.11 ax),Windows 11 Home,1.0,1 Year,,2249,https://www.jbhifi.com.au/products/asus-zenbook-s-13-evo-13-2-8k-oled-ultra-lightweight-laptop-intel-core-ultra-71tb
274,ASUS,"ROG Strix SCAR 18 18"" 2.5K MiniLED 240Hz Nebula HDR Gaming Laptop (Intel Core Ultra 9) [GeForce RTX 5080]",18.0,LED,2560 x 1600,Intel Core Ultra 9,2.7,24 Core,NVIDIA GeForce RTX 5080,32,DDR5 SDRAM,2TB,Wi-Fi 7 (802.11 be),Windows 11 Home,3.48,1 Year,,4899,https://www.jbhifi.com.au/products/asus-rog-strix-scar-18-18-2-5k-miniled-240hz-nebula-hdr-gaming-laptop-intel-core-ultra-9-geforce-rtx-5080
275,Asus,"ROG Strix G16 16"" FHD+ 165Hz Gaming Laptop (13th Gen Intel i7)[GeForce RTX 4050]",16.0,IPS,1920 x 1200,Intel Core i7,2.6,14 Core,,16,DDR5 SDRAM,512GB,Wi-Fi 6E (802.11 ax),Windows 11 Home,2.5,1 Year,,1510,https://www.jbhifi.com.au/products/asus-rog-strix-g16-16-fhd-165hz-gaming-laptop-13th-gen-intel-i7geforce-rtx-4050
276,Lenovo,"Legion 7 Pro 16"" WQXGA 240Hz Gaming Laptop (Intel Core Ultra 9)[GeForce RTX 5090]",16.0,OLED,2560 x 1600,Intel Core Ultra 9,,24 Core,,32,DDR5 SDRAM,1TB,Wi-Fi 7 (802.11 be),Windows 11 Home,2.57,1 Year,,6999,https://www.jbhifi.com.au/products/lenovo-legion-7-pro-16-wqxga-240hz-gaming-laptop-intel-core-ultra-9geforce-rtx-5090
277,Alienware,"Area-51 18"" WQXGA 300Hz Gaming Laptop (Intel Core Ultra 9)[GeForce RTX 5080]",18.0,LED,2560 x 1600,Intel Core Ultra 9,2.7,24 Core,,32,DDR5 SDRAM,1TB,Wi-Fi 7 (802.11 be),Windows 11 Home,4.34,1 Year,,5599,https://www.jbhifi.com.au/products/alienware-area-51-18-wqxga-300hz-gaming-laptop-intel-core-ultra-9geforce-rtx-5080
278,MSI,"Venture A16 AI+ 16"" 2K OLED 120Hz Laptop (Ryzen AI 7) [512GB]",16.0,IPS-Level,2048 x 1280,AMD Ryzen AI 7,2.0,8 Core,AMD Radeon Graphics,16,DDR5,512GB,Wi-Fi 6E (802.11 ax),Windows 11 Home,1.9,1 Year,,1699,https://www.jbhifi.com.au/products/msi-venture-a16-ai-16-2k-oled-120hz-laptop-ryzen-ai-7-512gb
279,MSI,"Venture A16 AI+ 16"" 2K OLED 120Hz Laptop (Ryzen AI 5) [512GB]",16.0,IPS-Level,2048 x 1280,AMD Ryzen AI 5,2.0,6 Core,AMD Radeon Graphics,16,DDR5,512GB,Wi-Fi 6E (802.11 ax),Windows 11 Home,1.9,1 Year,,1399,https://www.jbhifi.com.au/products/msi-venture-a16-ai-16-2k-oled-120hz-laptop-ryzen-ai-5-512gb
280,Asus,"TUF F16 16"" WUXGA 165Hz Gaming Laptop (Intel Core i5)[GeForce RTX 5050]",16.0,IPS,1920 x 1200,Intel Core i5,2.4,10 Core,,16,,512GB,Wi-Fi 6E (802.11 ax),Windows 11 Home,2.2,1 Year,,2499,https://www.jbhifi.com.au/products/asus-tuf-f16-16-wuxga-165hz-gaming-laptop-intel-core-i5geforce-rtx-5050
281,MSI,"Prestige 13 AI+ Ukiyoe Edition 13.3"" 2.8K OLED Laptop (Intel Core Ultra 9) [2TB]",13.3,IPS-Level,2880 x 1800,Intel Core Ultra 9,3.3,8 Core,Intel Arc Graphics,32,LPDDR5x,2TB,Wi-Fi 7 (802.11 be),Windows 11 Pro,0.99,1 Year,,3699,https://www.jbhifi.com.au/products/msi-prestige-13-ai-ukiyoe-edition-13-3-2-8k-oled-laptop-intel-core-ultra-9-2tb
282,MSI,"Stealth A16 Mercedes AMG AI+ 16"" QHD+ OLED 240Hz Gaming Laptop (Ryzen AI 9) [GeForce RTX 5070]",16.0,IPS-Level,2560 x 1600,AMD Ryzen AI 9,2.0,12 Core,GeForce RTX 5070,32,DDR5,2TB,Wi-Fi 7 (802.11 be),Windows 11 Pro,2.1,2 Years,,5799,https://www.jbhifi.com.au/products/msi-stealth-a16-mercedes-amg-ai-16-qhd-oled-240hz-gaming-laptop-ryzen-ai-9-geforce-rtx-5070
283,MSI,"Stealth A18 AI+ 18"" UHD+ MiniLED 120Hz Gaming Laptop (Ryzen AI 9) [GeForce RTX 5090]",18.0,MiniLED,3840x2400,AMD Ryzen AI 9,2.0,12 Core,NVIDIA GeForce RTX 5090,64,DDR5,2TB,Wi-Fi 7 (802.11 be),Windows 11 Pro,2.89,2 Years,,6299,https://www.jbhifi.com.au/products/msi-stealth-a18-ai-18-uhd-miniled-120hz-gaming-laptop-ryzen-ai-9-geforce-rtx-5090
284,Lenovo,"Legion Pro 7 16IAX10H 16"" WQXGA 240Hz OLED Gaming Laptop (Intel Core Ultra 9)[GeForce RTX 5090]",16.0,OLED,2560 x 1600,Intel Core Ultra 9,,24 Core,NVIDIA GeForce RTX 5090,64,"DDR5-5600 SDRAM, DDR5-5600 SDRAM",1TB,Wi-Fi 7 (802.11 be),Windows 11 Home,2.62,1 Year,,7999,https://www.jbhifi.com.au/products/lenovo-legion-pro-7-16iax10h-16-wqxga-240hz-oled-gaming-laptop-intel-core-ultra-9geforce-rtx-5090-1
285,MSI,"Raider 18 HX AI 18"" UHD+ MiniLED 120Hz Gaming Laptop (Intel Core Ultra 9) [GeForce RTX 5090]",18.0,MiniLED,3840x2400,Intel Core Ultra 9,2.8,24 Core,NVIDIA GeForce RTX 5090,64,DDR5,4TB,Wi-Fi 7 (802.11 be),Windows 11 Pro,3.6,2 Years,,6999,https://www.jbhifi.com.au/products/msi-raider-18-hx-ai-18-uhd-miniled-120hz-gaming-laptop-intel-core-ultra-9-geforce-rtx-5090
286,HP,"OmniBook X Flip 14"" 3K UWVA 2-in-1 OLED Laptop (Intel Core Ultra 7)[512GB]",14.0,UWVA,2880 x 1800,Intel Core Ultra 7,2.2,8 Core,,16,LPDDR5x,512GB,Wi-Fi 7 (802.11 be),Windows 11 Home,1.38,1 Year,,2599,https://www.jbhifi.com.au/products/hp-omnibook-x-flip-14-3k-uwva-2-in-1-oled-laptop-intel-core-ultra-7512gb
287,Apple,"MacBook Air 15-inch with M3 Chip, 512GB/24GB (Midnight)",15.3,,2880 x 1864,Apple M3,,8 Core,10 core GPU,24,,512GB,Wi-Fi 6E (802.11 ax),MacOS Sequoia,,1 Year,,2497,https://www.jbhifi.com.au/products/apple-macbook-air-15-inch-with-m3-chip-512gb-24gb-midnight
288,Apple,"MacBook Pro 16-inch with M4 Pro Chip, 512GB/48GB (Silver)[2024]",16.2,,3456 x 2234,Apple M4 Pro,,,,48,,512GB,Wi-Fi 6E (802.11 ax),,3.48,,1 Year,4599,https://www.jbhifi.com.au/products/apple-macbook-pro-16-inch-with-m4-pro-chip-512gb-48gb-silver2024
289,Apple,"MacBook Pro 14-inch with M4 Chip, 1TB/16GB (Space Black/2024) [~Refurbished]",14.0,,3124 x 1964,Apple M4,,10 Core,10 core GPU,16,,1TB,Wi-Fi 6E (802.11 ax),,,,,2527,https://www.jbhifi.com.au/products/apple-macbook-pro-14-inch-with-m4-chip-1tb-16gb-space-black-2024-refurbished
290,HP,"OmniBook Ultra 14"" 2.2K OLED Laptop (Ryzen 9 AI 365)[1TB]",14.0,IPS,2240 x 1400,AMD Ryzen AI 9,2.0,10 Core,AMD Radeon™ Graphics,16,LPDDR5x,1TB,Wi-Fi 7 (802.11 be),Windows 11 Home,1.57,1 Year,,2999,https://www.jbhifi.com.au/products/hp-omnibook-ultra-14-2-2k-oled-laptop-ryzen-9-ai-3651tb
291,Apple,"MacBook Air 15-inch with M3 chip, 10-core GPU 256GB/8GB (Space Grey/2024) [~Refurbished]",15.3,Liquid Retina,2880 x 1864,Apple M3,,8 Core,,8,,256GB,Wi-Fi 6E (802.11 ax),MacOS Sonoma,,,,1999,https://www.jbhifi.com.au/products/apple-macbook-air-15-inch-with-m3-chip-10-core-gpu-256gb-8gb-space-grey-2024-refurbished
292,Apple,"MacBook Pro 16-inch with M4 Max Chip, 1TB/36GB (Silver)[2024]",16.2,,3456 x 2234,Apple M4 Max,,,,36,,1TB,Wi-Fi 6E (802.11 ax),,,,1 Year,5477,https://www.jbhifi.com.au/products/apple-macbook-pro-16-inch-with-m4-max-chip-1tb-36gb-silver2024
293,ASUS,"ROG Strix G18 18"" 2.5K 240Hz Nebula Gaming Laptop (Intel Core Ultra 9) [GeForce RTX 5070Ti]",18.1,IPS,2560x1600,Intel Core Ultra 9,2.7,24 Core,NVIDIA GeForce RTX 5070 Ti,32,DDR5 SDRAM,2TB,Wi-Fi 7 (802.11 be),Windows 11 Home,3.42,1 Year,,3849,https://www.jbhifi.com.au/products/asus-rog-strix-g18-18-2-5k-240hz-nebula-gaming-laptop-intel-core-ultra-9-geforce-rtx-5070ti
294,Apple,MacBook Pro 13 2020 - i7 16GB RAM 512GB SSD (Space Grey) [~Refurbished: Very Good],,,,Intel Core i7,,,,16,,,,macOS Monterey,,12 Months,,714,https://www.jbhifi.com.au/products/apple-macbook-pro-13-2020-i7-16gb-ram-512gb-ssd-space-grey-refurbished-very-good
295,MSI,"Prestige 13 AI+ Evo 13.3"" 2.8K OLED Next-Level Laptop (Intel Core Ultra 5) [1TB]",13.3,OLED,2880 x 1800,Intel Core Ultra 5,2.1,8 Core,Intel Arc Graphics,16,LPDDR5x,1TB,Wi-Fi 7 (802.11 be),Windows 11 Home,0.99,2 Years,,2299,https://www.jbhifi.com.au/products/msi-prestige-13-ai-evo-13-3-2-8k-oled-next-level-laptop-intel-core-ultra-5-1tb
296,MSI,"Prestige 16 AI Studio 16"" UHD+ OLED Laptop (Intel Core Ultra 9) [GeForce RTX 4070]",16.0,OLED,3840 x 2400,Intel Core Ultra 9,3.9,14 Core,,32,DDR5 SDRAM,2TB,Wi-Fi 7 (802.11 be),Windows 11 Home,1.6,2 Years,,3699,https://www.jbhifi.com.au/products/msi-prestige-16-ai-studio-16-uhd-oled-laptop-intel-core-ultra-9-geforce-rtx-4070
297,MSI,"Prestige 16 AI+ Mercedes AMG 16"" UHD+ OLED Laptop (Intel Core Ultra 9) [2TB]",16.0,IPS-Level,3840 x 2400,Intel Core Ultra 9,3.3,8 Core,Intel Arc Graphics,32,LPDDR5x,2TB,Wi-Fi 7 (802.11 be),Windows 11 Pro,1.5,1 Year,,3999,https://www.jbhifi.com.au/products/msi-prestige-16-ai-mercedes-amg-16-uhd-oled-laptop-intel-core-ultra-9-2tb
298,MSI,"Stealth A16 AI+ 16"" QHD+ OLED 240Hz Gaming Laptop (Ryzen AI 9) [GeForceRTX 5070 Ti]",16.0,OLED,2560x1600,AMD Ryzen AI 9,2.0,12 Core,,32,DDR5X,2TB,Wi-Fi 7 (802.11 be),Windows 11 Pro,2.1,2 Years,,4399,https://www.jbhifi.com.au/products/msi-stealth-a16-ai-16-qhd-oled-240hz-gaming-laptop-ryzen-ai-9-geforcertx-5070-ti
299,Apple,"MacBook Air 15-inch with M3 Chip, 512GB/24GB (Silver)",15.3,,2880 x 1864,Apple M3,,8 Core,10 core GPU,24,,512GB,Wi-Fi 6E (802.11 ax),MacOS Sequoia,,1 Year,,2497,https://www.jbhifi.com.au/products/apple-macbook-air-15-inch-with-m3-chip-512gb-24gb-silver
300,Apple,"MacBook Pro 14-inch with M4 Chip, 1TB/24GB (Space Black/2024) [~Refurbished]",14.0,,3124 x 1964,Apple M4,,10 Core,10 core GPU,24,,1TB,Wi-Fi 6E (802.11 ax),MacOS Sequioa,,,,2789,https://www.jbhifi.com.au/products/apple-macbook-pro-14-inch-with-m4-chip-1tb-24gb-space-black-2024-refurbished
301,Apple,"MacBook Pro 14-inch with M4 Chip, 512GB/16GB (Silver/2024) [~Refurbished]",14.0,,3124 x 1964,Apple M4,,10 Core,10 core GPU,16,,512GB,Wi-Fi 6E (802.11 ax),,,,,2259,https://www.jbhifi.com.au/products/apple-macbook-pro-14-inch-with-m4-chip-512gb-16gb-silver-2024-refurbished
302,Asus,"Zenbook Duo EVO 14"" 3K OLED Laptop (1TB) [Intel Ultra 9 185H]",14.0,OLED,2880 x 1800,Intel Core Ultra 9,2.4,16 Core,Intel® Arc™ Graphics,32,DDR5 SDRAM,1TB,Wi-Fi 6E (802.11 ax),Windows 11 Home,1.65,1 Year,,2384,https://www.jbhifi.com.au/products/asus-zenbook-duo-evo-14-3k-oled-laptop-1tb-intel-ultra-9-185h
303,MSI,"Prestige 16 AI Studio 16"" UHD+ OLED Laptop (Intel Core Ultra 9) [GeForce RTX 4060]",16.0,OLED,3840 x 2400,Intel Core Ultra 9,3.9,14 Core,,32,DDR5 SDRAM,2TB,Wi-Fi 7 (802.11 be),Windows 11 Home,1.6,2 Years,,3299,https://www.jbhifi.com.au/products/msi-prestige-16-ai-studio-16-uhd-oled-laptop-intel-core-ultra-9-geforce-rtx-4060
304,Apple,"MacBook Pro 14-inch with M2 Pro Chip, 1TB SSD (Silver/2023) [~Refurbished]",14.0,,3024 x 1964,Apple M2 Pro,,12 Core,,16,,1TB,Wi-Fi 6E (802.11 ax),macOS Ventura,,,,3449,https://www.jbhifi.com.au/products/apple-macbook-pro-14-inch-with-m2-pro-chip-1tb-ssd-silver-2023-refurbished
305,Apple,"MacBook Pro 14-inch with M2 Max Chip, 1TB SSD (Silver/2023)[~Refurbished]",14.0,,3024 x 1964,Apple M2 Max,,12 Core,,32,,1TB,Wi-Fi 6E (802.11 ax),macOS Ventura,,,,4499,https://www.jbhifi.com.au/products/apple-macbook-pro-14-inch-with-m2-max-chip-1tb-ssd-silver-2023refurbished
306,GIGABYTE,A16 PRO | RTX 5070Ti | Intel Core7 240H | Gaming Laptop,,,,,,10 Core,,32,,,,Windows 11 Home,5.0,24 Months,,2799,https://www.jbhifi.com.au/products/gigabyte-a16-pro-rtx-5070ti-intel-core7-240h-gaming-laptop
307,Apple,"MacBook Air 15-inch with M3 chip, 10-core GPU 512GB/8GB (Starlight/2024) [~Refurbished]",15.3,Liquid Retina,2880 x 1864,Apple M3,,8 Core,,8,,512GB,Wi-Fi 6E (802.11 ax),MacOS Sonoma,1.51,,,2144,https://www.jbhifi.com.au/products/apple-macbook-air-15-inch-with-m3-chip-10-core-gpu-512gb-8gb-starlight-2024-refurbished
308,GIGABYTE,AERO X16 | RTX 5060 | Ryzen Al 7 350 | Gaming Laptop,,,,,,8 Core,,16,,,,Windows 11 Home,5.0,24 Months,,2199,https://www.jbhifi.com.au/products/gigabyte-aero-x16-rtx-5060-ryzen-al-7-350-gaming-laptop
309,Apple,"MacBook Air 15-inch with M3 chip, 10-core GPU 512GB/16GB (Space Grey/2024) [~Refurbished]",15.3,Liquid Retina,2880 x 1864,Apple M3,,8 Core,,16,,512GB,Wi-Fi 6E (802.11 ax),MacOS Sonoma,,,,2699,https://www.jbhifi.com.au/products/apple-macbook-air-15-inch-with-m3-chip-10-core-gpu-512gb-16gb-space-grey-2024-refurbished
310,Apple,"MacBook Air 15-inch with M3 chip, 10-core GPU 512GB/8GB (Silver/2024) [~Refurbished]",15.3,Liquid Retina,2880 x 1864,Apple M3,,8 Core,,8,,512GB,Wi-Fi 6E (802.11 ax),MacOS Sonoma,,,,2144,https://www.jbhifi.com.au/products/apple-macbook-air-15-inch-with-m3-chip-10-core-gpu-512gb-8gb-silver-2024-refurbished
311,GIGABYTE,AERO X16 | RTX 5070 | Ryzen AI 7 350 | Gaming Laptop,,,,,,8 Core,,16,,,,Windows 11 Home,5.0,24 Months,,2499,https://www.jbhifi.com.au/products/gigabyte-aero-x16-rtx-5070-ryzen-ai-7-350-gaming-laptop-1
312,GIGABYTE,AERO X16 | RTX 5070 | Ryzen AI 7 350 | Gaming Laptop,,,,,,8 Core,,16,,,,Windows 11 Home,,24 Months,,2499,https://www.jbhifi.com.au/products/gigabyte-aero-x16-rtx-5070-ryzen-ai-7-350-gaming-laptop
